date,total_opps,long,short,win_rate,avg_rr,tp_hits,sl_hits,timeouts,sweep_count,double_sweep,displacement_count,retest_avg_depth,avg_regime,avg_volatility_ratio,avg_trend_bias
2024-01-02,38,19,19,0.0,0.016,0,38,0,6,2,4,0.3906,1.0,0.976,-1.0
2024-01-03,90,45,45,0.0,0.149,0,90,0,14,6,14,0.3651,0.69,0.825,-0.022
2024-01-04,104,52,52,0.0,0.099,0,104,0,22,8,16,0.488,0.63,1.068,0.615
2024-01-05,106,53,53,0.0,-0.021,0,106,0,18,6,12,0.3837,0.94,0.828,-0.057
2024-01-06,118,59,59,0.0,-0.03,0,118,0,24,6,14,0.3175,0.03,0.86,-0.051
2024-01-07,74,37,37,0.0,0.309,0,74,0,12,8,6,0.4923,0.0,0.912,0.297
2024-01-08,58,29,29,0.0,0.333,0,58,0,8,0,4,0.2794,1.0,0.828,0.517
2024-01-09,60,30,30,0.0,0.201,0,60,0,6,0,8,0.3511,1.57,0.835,0.0
2024-01-10,84,42,42,0.0,0.187,0,84,0,14,8,8,0.354,1.29,1.079,-0.381
2024-01-11,70,35,35,0.0,0.252,0,68,2,14,0,8,0.3944,1.31,0.781,-0.714
2024-01-12,110,55,55,0.0,0.05,0,110,0,28,8,18,0.3981,0.89,0.966,-0.782
2024-01-13,84,42,42,0.0,0.015,0,84,0,10,0,8,0.3856,0.14,0.849,-0.19
2024-01-14,98,49,49,0.0,-0.004,0,98,0,16,0,24,0.4901,0.14,1.085,-0.429
2024-01-15,86,43,43,0.0,0.074,0,86,0,14,0,14,0.4236,0.67,0.9,0.07
2024-01-16,102,51,51,0.0,0.156,0,102,0,16,2,16,0.4109,0.16,0.99,0.137
2024-01-17,134,67,67,0.0,-0.002,0,134,0,24,6,22,0.4279,0.19,1.03,-0.612
2024-01-18,116,58,58,0.0,0.242,0,116,0,22,2,2,0.43,0.59,0.827,-0.448
2024-01-19,76,38,38,0.013,0.114,1,75,0,14,0,18,0.4448,0.26,0.908,0.105
2024-01-20,134,67,67,0.0,-0.027,0,134,0,30,12,16,0.3744,0.0,0.944,0.194
2024-01-21,108,54,54,0.0,0.095,0,108,0,24,0,22,0.4158,0.0,1.017,0.037
2024-01-22,56,28,28,0.0,0.341,0,56,0,8,0,10,0.4689,0.46,1.063,-1.0
2024-01-23,108,54,54,0.0,0.015,0,108,0,14,0,8,0.4353,0.76,0.89,0.111
2024-01-24,66,33,33,0.0,-0.044,0,66,0,10,0,12,0.4586,0.18,0.833,0.152
2024-01-25,136,68,68,0.0,-0.013,0,136,0,20,2,4,0.3519,0.0,0.881,0.029
2024-01-26,96,48,48,0.0,0.009,0,96,0,20,0,18,0.3991,0.4,0.932,0.917
2024-01-27,122,61,61,0.0,0.01,0,122,0,22,10,18,0.3746,0.0,0.892,0.18
2024-01-28,112,56,56,0.0,-0.014,0,112,0,20,0,22,0.3978,0.0,0.932,-0.179
2024-01-29,126,63,63,0.0,0.082,0,126,0,22,4,10,0.418,0.11,0.848,0.429
2024-01-30,92,46,46,0.0,0.165,0,92,0,16,6,18,0.4394,0.2,1.057,0.391
2024-01-31,100,50,50,0.01,0.083,1,99,0,24,0,12,0.4262,0.28,0.958,-0.16
2024-02-01,92,46,46,0.0,0.107,0,92,0,18,12,12,0.3572,0.02,0.935,-0.043
2024-02-02,82,41,41,0.0,0.055,0,82,0,10,2,4,0.4857,0.2,0.855,-0.171
2024-02-03,102,51,51,0.0,0.007,0,102,0,22,2,10,0.415,0.0,0.876,-0.608
2024-02-04,76,38,38,0.0,0.099,0,76,0,8,2,10,0.3853,0.0,0.892,-0.737
2024-02-05,60,30,30,0.0,0.238,0,60,0,12,0,8,0.4437,0.0,0.842,0.2
2024-02-06,104,52,52,0.0,0.041,0,104,0,14,4,12,0.403,0.0,0.95,0.654
2024-02-07,64,32,32,0.0,0.228,0,64,0,12,0,8,0.4422,0.03,1.057,0.125
2024-02-08,70,35,35,0.0,0.04,0,70,0,12,0,4,0.4064,0.14,0.93,1.0
2024-02-09,40,20,20,0.0,0.7,0,40,0,6,0,8,0.4547,0.85,0.968,1.0
2024-02-10,100,50,50,0.0,0.078,0,100,0,18,0,18,0.4921,0.0,0.939,-0.28
2024-02-11,76,38,38,0.0,0.033,0,76,0,18,16,12,0.2871,0.11,0.888,0.474
2024-02-12,60,30,30,0.0,0.939,0,60,0,8,0,4,0.4059,0.67,0.986,0.0
2024-02-13,72,36,36,0.028,0.451,2,70,0,14,4,10,0.477,0.47,0.95,0.389
2024-02-14,124,62,62,0.0,0.068,0,124,0,20,4,6,0.4096,0.92,0.901,0.935
2024-02-15,78,39,39,0.0,0.06,0,78,0,20,14,16,0.4501,0.92,1.091,0.128
2024-02-16,126,63,63,0.0,-0.019,0,126,0,24,8,14,0.4317,0.38,0.944,-0.048
2024-02-17,108,54,54,0.0,-0.042,0,108,0,20,0,14,0.4878,0.09,0.861,-0.296
2024-02-18,130,65,65,0.008,-0.062,1,129,0,22,0,16,0.4116,0.02,0.947,0.538
2024-02-19,152,76,76,0.0,0.027,0,152,0,24,12,24,0.3836,0.17,0.942,0.132
2024-02-20,106,53,53,0.0,0.051,0,106,0,18,6,12,0.4706,0.4,0.919,0.094
2024-02-21,142,71,71,0.0,-0.015,0,142,0,32,8,22,0.4391,0.59,0.941,-0.521
2024-02-22,76,38,38,0.0,0.015,0,76,0,8,0,10,0.3574,0.5,0.893,0.684
2024-02-23,106,53,53,0.0,0.091,0,106,0,24,6,22,0.4109,0.3,1.017,-0.434
2024-02-24,88,44,44,0.0,-0.053,0,88,0,16,2,18,0.3853,0.0,0.959,0.864
2024-02-25,76,38,38,0.0,0.076,0,76,0,12,0,18,0.4198,0.0,0.978,0.263
2024-02-26,96,48,48,0.0,0.355,0,96,0,26,12,12,0.3361,0.31,0.875,-0.292
2024-02-27,122,61,61,0.0,0.174,0,122,0,18,2,10,0.3864,1.36,0.926,0.738
2024-02-28,56,28,28,0.0,1.938,0,56,0,8,0,4,0.3393,1.21,0.914,0.357
2024-02-29,78,39,39,0.0,0.042,0,78,0,16,0,8,0.4536,2.0,0.923,0.231
2024-03-01,72,36,36,0.0,0.023,0,72,0,6,2,8,0.4648,1.53,0.895,0.111
2024-03-02,80,40,40,0.0,-0.102,0,80,0,10,0,8,0.392,0.7,0.977,-0.45
2024-03-03,54,27,27,0.019,0.335,1,53,0,6,0,12,0.4897,0.3,1.033,0.259
2024-03-04,94,47,47,0.0,0.146,0,94,0,16,4,14,0.3579,1.79,0.979,1.0
2024-03-05,82,41,41,0.0,0.068,0,82,0,14,2,14,0.3958,2.0,0.951,0.22
2024-03-06,106,53,53,0.0,-0.042,0,106,0,16,8,6,0.4308,2.0,0.868,0.208
2024-03-07,142,71,71,0.0,-0.029,0,142,0,28,10,28,0.3916,1.79,0.998,-0.042
2024-03-08,104,52,52,0.0,0.011,0,102,2,12,0,14,0.4589,1.17,0.997,0.154
2024-03-09,134,67,67,0.0,-0.011,0,134,0,30,0,18,0.3729,0.16,0.906,0.045
2024-03-10,50,25,25,0.02,0.364,1,49,0,6,2,10,0.4613,0.56,1.143,0.52
2024-03-11,122,61,61,0.0,0.315,0,122,0,16,6,18,0.3941,1.87,0.852,0.377
2024-03-12,76,38,38,0.0,0.041,0,76,0,18,6,10,0.3989,1.63,1.059,-0.158
2024-03-13,122,61,61,0.0,0.11,0,122,0,16,0,8,0.3744,1.67,0.876,0.508
2024-03-14,84,42,42,0.0,0.241,0,84,0,14,0,14,0.4909,1.36,1.041,-0.143
2024-03-15,78,39,39,0.0,0.012,0,78,0,12,0,14,0.3981,2.0,0.904,0.179
2024-03-16,116,58,58,0.0,0.058,0,116,0,22,0,8,0.4041,1.74,0.905,-0.414
2024-03-17,70,35,35,0.0,0.075,0,70,0,10,0,6,0.4145,1.74,0.882,0.771
2024-03-18,48,24,24,0.0,-0.032,0,48,0,10,4,10,0.4439,1.88,1.007,-0.25
2024-03-19,102,51,51,0.0,0.006,0,102,0,20,0,20,0.4634,1.98,0.972,-0.725
2024-03-20,88,44,44,0.0,0.058,0,88,0,14,4,10,0.4782,2.0,0.873,0.318
2024-03-21,86,43,43,0.0,0.05,0,86,0,14,6,8,0.3368,2.0,0.952,-0.209
2024-03-22,94,47,47,0.0,0.055,0,94,0,18,2,4,0.3885,1.89,0.907,-0.149
2024-03-23,96,48,48,0.0,-0.031,0,96,0,24,0,8,0.3929,1.33,0.905,0.75
2024-03-24,114,57,57,0.0,0.008,0,114,0,22,0,10,0.4351,1.47,0.902,0.263
2024-03-25,64,32,32,0.0,0.581,0,64,0,10,0,6,0.4492,1.59,0.859,1.0
2024-03-26,78,39,39,0.0,0.132,0,78,0,12,8,8,0.4,1.69,0.859,-0.385
2024-03-27,70,35,35,0.014,0.235,1,69,0,8,0,2,0.3743,1.34,0.87,-0.029
2024-03-28,110,55,55,0.0,0.054,0,110,0,20,0,12,0.3956,1.45,0.969,0.309
2024-03-29,82,41,41,0.0,-0.054,0,82,0,14,4,6,0.4685,0.68,0.862,-0.756
2024-03-30,112,56,56,0.0,-0.046,0,112,0,24,12,10,0.3846,0.0,0.97,0.071
2024-03-31,102,51,51,0.0,0.046,0,102,0,28,20,8,0.3522,0.25,0.9,1.0
2024-04-01,88,44,44,0.0,0.012,0,88,0,18,0,8,0.4982,1.45,0.865,-0.045
2024-04-02,106,53,53,0.0,0.265,0,106,0,14,0,8,0.4548,1.89,0.896,-0.623
2024-04-03,98,49,49,0.0,-0.013,0,98,0,16,0,8,0.4946,1.47,0.862,0.061
2024-04-04,58,29,29,0.0,0.39,0,58,0,16,10,4,0.4291,1.38,0.937,0.862
2024-04-05,92,46,46,0.0,-0.056,0,92,0,20,0,16,0.3865,1.76,1.001,-0.391
2024-04-06,146,73,73,0.0,0.05,0,146,0,32,12,10,0.4194,0.41,0.922,0.315
2024-04-07,78,39,39,0.0,0.019,0,78,0,22,4,10,0.3894,0.49,0.969,0.077
2024-04-08,58,29,29,0.0,0.276,0,58,0,8,0,8,0.3473,1.62,1.005,-0.241
2024-04-09,98,49,49,0.0,-0.002,0,98,0,22,4,12,0.4181,1.29,0.949,-0.469
2024-04-10,92,46,46,0.0,0.186,0,92,0,10,0,12,0.4115,1.37,1.008,-0.217
2024-04-11,80,40,40,0.0,-0.023,0,80,0,12,0,10,0.47,1.32,0.898,0.0
2024-04-12,64,32,32,0.0,0.3,0,64,0,20,4,2,0.3363,1.03,0.826,-0.562
2024-04-13,100,50,50,0.0,0.178,0,100,0,18,2,12,0.384,1.24,1.019,0.44
2024-04-14,70,35,35,0.0,0.005,0,70,0,10,4,6,0.4427,2.0,1.012,0.2
2024-04-15,98,49,49,0.0,0.055,0,98,0,20,0,2,0.3843,1.9,0.852,-0.224
2024-04-16,116,58,58,0.0,-0.04,0,116,0,22,16,12,0.4162,2.0,0.927,-0.069
2024-04-17,104,52,52,0.0,0.375,0,104,0,12,0,16,0.4263,1.48,0.903,0.154
2024-04-18,80,40,40,0.0,0.001,0,80,0,14,4,8,0.3576,1.82,0.931,0.7
2024-04-19,56,28,28,0.0,0.08,0,56,0,6,0,8,0.3924,1.86,0.958,0.429
2024-04-20,90,45,45,0.0,0.156,0,90,0,12,0,4,0.3587,1.09,0.902,-0.244
2024-04-21,76,38,38,0.0,0.112,0,76,0,16,12,4,0.3907,0.58,0.997,-0.368
2024-04-22,116,58,58,0.0,0.103,0,116,0,30,26,12,0.3406,1.14,1.028,0.586
2024-04-23,96,48,48,0.0,0.109,0,96,0,18,8,14,0.4252,0.96,0.967,-0.333
2024-04-24,76,38,38,0.0,0.233,0,76,0,6,0,4,0.4134,1.18,0.877,-0.526
2024-04-25,132,66,66,0.0,-0.029,0,132,0,28,14,10,0.4468,1.5,0.93,-0.121
2024-04-26,128,64,64,0.0,-0.043,0,128,0,26,14,14,0.3933,1.11,0.958,-0.594
2024-04-27,120,60,60,0.0,0.059,0,120,0,22,4,12,0.3076,0.73,0.881,0.033
2024-04-28,94,47,47,0.0,0.073,0,94,0,16,0,2,0.4109,0.09,0.92,0.191
2024-04-29,122,61,61,0.0,0.085,0,122,0,22,6,10,0.4439,1.16,0.933,-0.082
2024-04-30,56,28,28,0.0,0.11,0,56,0,10,0,8,0.3869,1.96,0.946,-0.929
2024-05-01,66,33,33,0.0,0.065,0,66,0,12,2,8,0.4814,2.0,0.962,-0.576
2024-05-02,80,40,40,0.0,0.043,0,80,0,12,2,8,0.3448,1.48,0.91,0.95
2024-05-03,88,44,44,0.0,0.315,0,88,0,14,2,6,0.3762,1.09,0.834,0.5
2024-05-04,68,34,34,0.0,0.13,0,68,0,8,0,16,0.3615,1.06,0.934,0.059
2024-05-05,102,51,51,0.0,0.111,0,102,0,16,6,10,0.4676,0.51,0.909,-0.059
2024-05-06,82,41,41,0.0,0.122,0,82,0,10,6,10,0.46,1.37,0.828,-0.024
2024-05-07,86,43,43,0.0,0.065,0,86,0,18,0,8,0.3812,1.47,0.904,-0.395
2024-05-08,140,70,70,0.0,0.055,0,140,0,26,6,22,0.4169,1.29,0.967,-0.6
2024-05-09,96,48,48,0.0,-0.068,0,96,0,12,4,8,0.512,0.79,0.953,0.083
2024-05-10,128,64,64,0.0,0.055,0,128,0,22,2,6,0.3926,1.16,0.888,0.031
2024-05-11,70,35,35,0.0,0.095,0,70,0,10,6,8,0.4184,0.14,0.962,0.314
2024-05-12,42,21,21,0.0,0.141,0,42,0,6,0,2,0.4157,0.19,0.962,1.0
2024-05-13,106,53,53,0.0,-0.025,0,106,0,16,0,16,0.4753,0.81,1.004,0.396
2024-05-14,138,69,69,0.0,0.067,0,138,0,20,8,10,0.4066,0.94,0.958,-0.565
2024-05-15,74,37,37,0.0,0.291,0,74,0,10,0,8,0.4582,0.73,0.904,0.892
2024-05-16,132,66,66,0.0,-0.015,0,132,0,20,8,14,0.4118,1.2,0.949,-0.152
2024-05-17,82,41,41,0.012,0.133,1,81,0,20,8,16,0.3825,0.63,0.938,0.707
2024-05-18,138,69,69,0.0,-0.051,0,138,0,28,0,20,0.3928,0.16,1.015,0.101
2024-05-19,116,58,58,0.0,0.033,0,116,0,14,0,10,0.3773,0.59,0.892,-0.276
2024-05-20,46,23,23,0.0,0.397,0,46,0,8,0,4,0.5234,1.09,1.051,0.478
2024-05-21,90,45,45,0.0,0.007,0,90,0,10,0,16,0.4738,1.49,0.933,0.156
2024-05-22,134,67,67,0.0,-0.031,0,134,0,20,14,18,0.4432,1.37,0.963,-0.194
2024-05-23,84,42,42,0.0,0.463,0,84,0,8,6,8,0.3527,1.26,0.903,-0.238
2024-05-24,130,65,65,0.0,-0.08,0,130,0,28,6,14,0.4089,0.91,0.862,0.538
2024-05-25,120,60,60,0.0,0.088,0,120,0,18,2,22,0.3987,0.02,0.952,0.233
2024-05-26,18,9,9,0.0,0.406,0,18,0,2,0,4,0.528,0.0,1.281,-0.778
2024-05-27,36,18,18,0.0,0.313,0,36,0,6,6,8,0.5008,0.11,0.854,-1.0
2024-05-28,94,47,47,0.0,0.151,0,94,0,18,4,20,0.4431,1.36,0.99,-0.745
2024-05-29,104,52,52,0.0,0.271,0,104,0,20,4,10,0.3658,1.0,0.941,-0.038
2024-05-30,60,30,30,0.0,-0.05,0,60,0,10,4,8,0.4261,0.3,0.974,0.4
2024-05-31,66,33,33,0.0,0.073,0,66,0,12,0,6,0.3743,0.0,0.943,-0.212
2024-06-01,156,78,78,0.0,0.046,0,156,0,38,16,14,0.3084,0.0,0.963,0.667
2024-06-02,150,75,75,0.0,0.027,0,150,0,26,8,14,0.3737,0.21,0.916,0.067
2024-06-03,76,38,38,0.0,0.004,0,76,0,22,8,18,0.4939,0.79,1.022,0.0
2024-06-04,82,41,41,0.0,0.411,0,82,0,12,6,6,0.4404,0.63,0.928,0.024
2024-06-05,82,41,41,0.0,0.034,0,82,0,22,8,12,0.4206,0.9,1.064,-0.073
2024-06-06,74,37,37,0.0,-0.026,0,74,0,8,0,12,0.3417,0.3,0.951,-0.297
2024-06-07,66,33,33,0.015,0.241,1,65,0,14,8,4,0.3668,0.64,0.91,-0.212
2024-06-08,86,43,43,0.0,-0.055,0,86,0,14,4,10,0.4267,0.0,0.965,0.023
2024-06-09,160,80,80,0.0,0.053,0,160,0,34,18,28,0.3599,0.0,0.958,0.475
2024-06-10,104,52,52,0.0,-0.008,0,104,0,26,6,28,0.403,0.15,1.046,-0.846
2024-06-11,84,42,42,0.0,0.155,0,84,0,18,8,10,0.4449,1.17,0.957,-0.81
2024-06-12,60,30,30,0.0,0.436,0,60,0,4,2,6,0.4665,0.7,0.849,0.6
2024-06-13,116,58,58,0.0,-0.028,0,116,0,22,10,26,0.429,0.76,1.039,-0.621
2024-06-14,94,47,47,0.0,0.083,0,94,0,24,20,14,0.3766,0.26,1.019,0.149
2024-06-15,118,59,59,0.0,-0.048,0,118,0,18,4,20,0.471,0.0,0.979,0.22
2024-06-16,136,68,68,0.0,0.075,0,136,0,28,16,14,0.3812,0.0,0.959,0.324
2024-06-17,80,40,40,0.0,0.082,0,80,0,20,12,14,0.4972,0.7,1.024,-0.35
2024-06-18,106,53,53,0.0,-0.056,0,106,0,14,2,14,0.4303,1.45,1.037,-0.811
2024-06-19,144,72,72,0.0,0.009,0,144,0,28,8,24,0.4079,0.53,0.936,-0.222
2024-06-20,68,34,34,0.015,0.136,1,67,0,12,2,4,0.4189,0.32,0.964,0.706
2024-06-21,78,39,39,0.0,0.137,0,78,0,14,8,6,0.3848,0.51,0.968,-0.692
2024-06-22,158,79,79,0.0,-0.002,0,158,0,28,10,22,0.3976,0.0,0.929,0.241
2024-06-23,112,56,56,0.0,0.247,0,112,0,20,4,18,0.3804,0.0,0.947,-0.143
2024-06-24,70,35,35,0.014,0.012,1,69,0,14,0,4,0.423,1.31,0.975,-1.0
2024-06-25,86,43,43,0.0,0.097,0,86,0,18,0,10,0.4324,1.42,0.984,1.0
2024-06-26,112,56,56,0.0,-0.023,0,112,0,20,0,16,0.4765,0.57,1.064,-0.714
2024-06-27,82,41,41,0.0,0.101,0,82,0,14,2,6,0.3939,0.2,1.053,0.024
2024-06-28,108,54,54,0.0,0.054,0,108,0,24,0,10,0.4079,0.63,0.994,-0.63
2024-06-29,94,47,47,0.0,0.08,0,94,0,24,8,18,0.361,0.0,1.024,0.404
2024-06-30,108,54,54,0.0,0.172,0,108,0,18,2,16,0.4428,0.07,0.953,0.222
2024-07-01,116,58,58,0.0,-0.054,0,116,0,24,12,14,0.498,0.4,0.966,0.0
2024-07-02,76,38,38,0.039,0.379,3,73,0,14,0,2,0.3745,0.32,0.913,-0.789
2024-07-03,94,47,47,0.0,0.06,0,94,0,12,2,10,0.4504,1.02,0.818,-0.489
2024-07-04,122,61,61,0.0,0.146,0,122,0,20,2,6,0.4586,1.44,0.896,0.049
2024-07-05,84,42,42,0.0,0.075,0,84,0,20,6,6,0.4082,1.71,0.887,0.905
2024-07-06,110,55,55,0.0,-0.015,0,110,0,20,16,12,0.4386,0.65,0.921,0.455
2024-07-07,70,35,35,0.0,0.05,0,70,0,8,0,8,0.4427,0.74,0.882,-0.714
2024-07-08,42,21,21,0.0,0.229,0,42,0,6,0,2,0.42,1.81,0.818,0.333
2024-07-09,132,66,66,0.0,-0.059,0,132,0,26,12,14,0.4168,1.41,0.945,0.667
2024-07-10,92,46,46,0.0,0.217,0,92,0,14,6,10,0.3741,1.43,0.797,-0.261
2024-07-11,74,37,37,0.0,0.211,0,74,0,16,8,4,0.4676,1.49,0.961,-0.027
2024-07-12,140,70,70,0.0,-0.097,0,140,0,22,0,20,0.4348,1.11,0.942,0.057
2024-07-13,102,51,51,0.0,0.403,0,102,0,18,6,8,0.3854,0.1,0.915,0.608
2024-07-14,72,36,36,0.0,0.846,0,72,0,10,6,6,0.3293,0.69,0.736,0.778
2024-07-15,122,61,61,0.0,0.155,0,122,0,20,0,16,0.5025,1.41,0.96,0.967
2024-07-16,80,40,40,0.0,0.246,0,80,0,10,0,10,0.441,1.82,0.855,0.5
2024-07-17,60,30,30,0.05,-0.004,3,57,0,10,0,12,0.4078,1.43,1.05,-0.733
2024-07-18,50,25,25,0.0,0.125,0,50,0,8,0,4,0.4742,0.92,1.012,0.04
2024-07-19,54,27,27,0.0,0.227,0,54,0,12,0,6,0.5359,1.3,0.834,0.852
2024-07-20,104,52,52,0.0,0.027,0,104,0,22,18,14,0.3478,0.21,1.007,-0.423
2024-07-21,128,64,64,0.0,0.022,0,128,0,26,0,12,0.3996,0.84,0.901,0.156
2024-07-22,118,59,59,0.0,-0.069,0,118,0,26,18,6,0.4595,1.07,0.958,-0.119
2024-07-23,72,36,36,0.014,0.072,1,71,0,14,4,10,0.4024,1.17,1.012,-0.556
2024-07-24,88,44,44,0.0,0.036,0,88,0,16,12,12,0.5046,1.2,1.053,0.0
2024-07-25,110,55,55,0.0,0.048,0,110,0,26,12,10,0.4052,1.38,0.944,-0.236
2024-07-26,86,43,43,0.0,0.003,0,86,0,16,8,14,0.3605,0.79,0.876,1.0
2024-07-27,92,46,46,0.011,0.029,1,91,0,18,4,14,0.3862,0.96,0.879,0.522
2024-07-28,56,28,28,0.0,0.107,0,56,0,12,0,4,0.4703,0.25,0.934,-0.5
2024-07-29,64,32,32,0.0,0.201,0,64,0,12,2,18,0.4732,0.88,1.12,0.5
2024-07-30,72,36,36,0.0,0.075,0,72,0,20,18,6,0.3798,1.44,0.914,-0.444
2024-07-31,70,35,35,0.014,0.202,1,69,0,18,8,22,0.3916,1.14,1.123,0.429
2024-08-01,88,44,44,0.0,0.2,0,88,0,22,6,8,0.5161,1.41,0.886,-0.545
2024-08-02,38,19,19,0.026,0.041,1,37,0,8,0,8,0.4967,2.0,0.987,-1.0
2024-08-03,74,37,37,0.0,0.268,0,74,0,12,10,6,0.4189,0.92,0.878,-0.081
2024-08-04,60,30,30,0.0,2.508,0,60,0,10,2,8,0.3659,0.57,0.894,0.667
2024-08-05,62,31,31,0.0,0.011,0,62,0,14,2,8,0.508,2.0,0.981,-0.419
2024-08-06,136,68,68,0.0,-0.013,0,136,0,30,10,24,0.3992,2.0,0.994,0.294
2024-08-07,116,58,58,0.0,-0.067,0,116,0,24,22,12,0.4614,1.88,1.028,-0.31
2024-08-08,62,31,31,0.0,0.727,0,62,0,16,10,12,0.4439,1.55,1.068,0.742
2024-08-09,130,65,65,0.0,0.021,0,130,0,20,8,28,0.4067,1.69,1.024,-0.538
2024-08-10,134,67,67,0.0,-0.003,0,134,0,20,0,10,0.3412,0.58,0.874,-0.015
2024-08-11,112,56,56,0.0,0.122,0,112,0,20,10,16,0.3938,0.77,0.969,-0.107
2024-08-12,110,55,55,0.0,0.138,0,110,0,22,16,14,0.3266,1.78,1.018,-0.673
2024-08-13,122,61,61,0.0,-0.023,0,122,0,28,10,14,0.4394,1.52,0.926,0.049
2024-08-14,124,62,62,0.0,0.049,0,124,0,22,16,20,0.3595,1.18,0.95,-0.129
2024-08-15,78,39,39,0.026,0.091,2,76,0,24,10,4,0.4563,1.46,0.857,0.026
2024-08-16,104,52,52,0.0,0.053,0,104,0,12,0,8,0.3772,1.35,0.988,0.192
2024-08-17,68,34,34,0.0,0.166,0,68,0,14,4,10,0.4322,0.0,0.981,0.588
2024-08-18,66,33,33,0.0,0.162,0,66,0,10,2,8,0.4477,0.73,0.965,0.091
2024-08-19,68,34,34,0.0,0.16,0,68,0,12,0,12,0.356,0.74,0.912,-0.235
2024-08-20,74,37,37,0.0,0.166,0,74,0,12,0,6,0.6157,1.03,0.934,-0.351
2024-08-21,78,39,39,0.0,0.301,0,78,0,16,8,8,0.38,1.28,1.007,0.385
2024-08-22,126,63,63,0.0,-0.064,0,126,0,14,0,10,0.3871,0.86,0.87,-0.111
2024-08-23,58,29,29,0.0,0.178,0,58,0,10,0,12,0.3449,1.24,0.929,0.931
2024-08-24,116,58,58,0.0,0.173,0,116,0,14,0,12,0.3597,0.74,0.848,0.414
2024-08-25,134,67,67,0.0,0.022,0,134,0,24,0,18,0.395,0.16,0.995,0.373
2024-08-26,116,58,58,0.0,-0.001,0,116,0,22,4,10,0.3881,1.21,0.91,-0.793
2024-08-27,78,39,39,0.0,0.372,0,78,0,14,2,10,0.4628,1.26,0.912,-0.641
2024-08-28,90,45,45,0.0,-0.084,0,90,0,16,0,8,0.4041,1.44,0.839,-0.467
2024-08-29,94,47,47,0.0,0.261,0,94,0,16,14,6,0.3604,0.94,0.887,0.277
2024-08-30,112,56,56,0.0,0.034,0,112,0,24,6,12,0.3552,1.09,0.989,0.107
2024-08-31,68,34,34,0.0,0.241,0,68,0,12,8,10,0.4511,0.0,1.022,-0.588
2024-09-01,58,29,29,0.0,0.322,0,58,0,12,0,8,0.4743,1.03,1.073,-0.793
2024-09-02,86,43,43,0.0,0.043,0,86,0,16,0,6,0.4287,1.16,0.912,0.023
2024-09-03,94,47,47,0.0,0.006,0,94,0,20,10,8,0.452,0.62,0.913,-0.021
2024-09-04,54,27,27,0.0,0.375,0,54,0,14,8,4,0.3215,0.96,1.081,-0.037
2024-09-05,74,37,37,0.0,0.234,0,74,0,8,0,16,0.3904,1.27,1.113,-0.784
2024-09-06,76,38,38,0.0,0.302,0,76,0,16,6,4,0.4442,1.58,0.91,-0.842
2024-09-07,136,68,68,0.0,-0.072,0,136,0,26,8,18,0.4629,0.13,0.94,0.441
2024-09-08,62,31,31,0.0,0.057,0,62,0,6,0,14,0.4725,0.13,1.039,0.161
2024-09-09,106,53,53,0.0,0.067,0,106,0,26,8,12,0.445,1.08,0.897,0.472
2024-09-10,96,48,48,0.0,0.034,0,96,0,18,2,16,0.3545,1.27,0.902,0.25
2024-09-11,58,29,29,0.0,0.218,0,58,0,12,8,14,0.4191,0.79,1.113,0.448
2024-09-12,66,33,33,0.0,0.078,0,66,0,12,2,14,0.4786,1.3,1.041,-0.212
2024-09-13,74,37,37,0.0,0.369,0,74,0,10,0,14,0.4548,0.49,0.941,-0.297
2024-09-14,40,20,20,0.0,0.016,0,40,0,10,0,2,0.4336,0.0,0.981,-0.1
2024-09-15,76,38,38,0.0,0.148,0,76,0,12,4,12,0.492,0.03,1.054,0.474
2024-09-16,120,60,60,0.0,-0.064,0,120,0,16,0,10,0.4542,0.88,0.95,-0.7
2024-09-17,58,29,29,0.0,0.13,0,58,0,8,0,2,0.3088,1.17,0.82,0.31
2024-09-18,64,32,32,0.016,0.117,1,63,0,10,0,12,0.3891,1.28,1.196,-0.75
2024-09-19,70,35,35,0.0,0.082,0,70,0,20,18,10,0.51,1.29,0.952,0.657
2024-09-20,82,41,41,0.0,0.029,0,82,0,14,2,8,0.4776,0.78,1.008,-0.366
2024-09-21,126,63,63,0.0,-0.018,0,126,0,18,0,24,0.4221,0.0,0.978,0.587
2024-09-22,92,46,46,0.0,0.089,0,92,0,14,0,26,0.4417,0.15,0.983,-0.565
2024-09-23,146,73,73,0.0,-0.04,0,146,0,24,0,20,0.4275,1.15,0.943,-0.397
2024-09-24,82,41,41,0.0,0.031,0,82,0,12,0,6,0.4074,0.73,1.034,-0.024
2024-09-25,98,49,49,0.0,0.097,0,98,0,24,8,14,0.4541,0.53,0.997,-0.184
2024-09-26,124,62,62,0.0,-0.03,0,124,0,22,6,12,0.4922,1.08,1.002,0.484
2024-09-27,76,38,38,0.0,0.027,0,76,0,16,0,8,0.4711,0.61,1.006,0.579
2024-09-28,90,45,45,0.0,0.079,0,90,0,14,2,22,0.4271,0.0,0.983,-0.511
2024-09-29,74,37,37,0.0,0.127,0,74,0,14,0,2,0.4005,0.0,1.017,0.514
2024-09-30,76,38,38,0.0,-0.012,0,76,0,12,0,8,0.4669,0.87,0.955,-0.526
2024-10-01,66,33,33,0.0,0.033,0,66,0,10,0,12,0.5114,0.67,0.934,0.212
2024-10-02,74,37,37,0.0,0.178,0,74,0,16,2,10,0.5537,1.32,1.045,-0.351
2024-10-03,70,35,35,0.0,-0.077,0,70,0,14,6,4,0.2992,1.51,0.968,0.257
2024-10-04,124,62,62,0.0,0.101,0,124,0,26,16,22,0.4585,0.73,0.988,0.806
2024-10-05,128,64,64,0.0,0.004,0,128,0,22,0,12,0.4895,0.0,0.963,-0.375
2024-10-06,104,52,52,0.0,0.021,0,104,0,20,8,20,0.4437,0.0,1.011,0.538
2024-10-07,88,44,44,0.0,0.078,0,88,0,12,0,10,0.3554,0.98,0.918,0.636
2024-10-08,110,55,55,0.0,0.011,0,110,0,22,6,18,0.3986,0.89,0.968,-0.455
2024-10-09,116,58,58,0.0,-0.047,0,116,0,24,6,10,0.4723,0.34,0.993,-0.414
2024-10-10,110,55,55,0.0,-0.034,0,110,0,24,4,10,0.5692,0.56,0.954,0.055
2024-10-11,88,44,44,0.0,0.166,0,88,0,18,0,8,0.5312,0.23,0.934,0.818
2024-10-12,62,31,31,0.0,0.21,0,62,0,6,0,10,0.4152,0.65,0.961,0.548
2024-10-13,98,49,49,0.0,0.01,0,98,0,14,0,20,0.4349,0.16,0.988,-0.469
2024-10-14,70,35,35,0.0,0.633,0,70,0,12,0,12,0.3986,0.97,0.952,0.6
2024-10-15,88,44,44,0.0,0.048,0,88,0,16,0,8,0.4356,1.07,0.899,0.136
2024-10-16,74,37,37,0.0,-0.076,0,74,0,6,0,4,0.3354,0.78,0.877,0.297
2024-10-17,78,39,39,0.0,0.077,0,78,0,12,12,10,0.4005,0.95,1.075,-0.897
2024-10-18,112,56,56,0.0,0.004,0,112,0,20,4,16,0.5145,0.75,0.966,0.357
2024-10-19,84,42,42,0.0,-0.056,0,84,0,14,4,4,0.4281,0.0,0.955,-0.286
2024-10-20,84,42,42,0.0,0.09,0,84,0,20,2,10,0.4652,0.1,1.011,0.333
2024-10-21,64,32,32,0.0,0.05,0,64,0,10,4,6,0.4496,0.84,0.91,-0.188
2024-10-22,102,51,51,0.0,-0.04,0,102,0,28,8,12,0.4605,0.92,0.914,0.49
2024-10-23,108,54,54,0.0,0.039,0,108,0,18,0,22,0.4911,0.83,1.011,-0.519
2024-10-24,84,42,42,0.0,0.105,0,84,0,18,4,14,0.4172,0.81,0.95,0.476
2024-10-25,68,34,34,0.0,0.134,0,68,0,12,6,6,0.4232,0.85,0.875,-0.588
2024-10-26,104,52,52,0.0,-0.047,0,104,0,14,0,20,0.4643,0.19,0.872,0.538
2024-10-27,92,46,46,0.0,0.146,0,92,0,24,0,20,0.4983,0.09,1.028,0.565
2024-10-28,102,51,51,0.02,0.21,2,100,0,16,0,16,0.4432,0.69,0.969,0.216
2024-10-29,74,37,37,0.0,0.091,0,74,0,18,4,6,0.4726,1.24,0.999,0.784
2024-10-30,84,42,42,0.0,0.259,0,84,0,14,0,6,0.3405,1.6,0.95,-0.429
2024-10-31,136,68,68,0.0,-0.052,0,136,0,28,4,14,0.4425,1.16,0.906,-0.471
2024-11-01,80,40,40,0.0,0.266,0,80,0,10,10,14,0.4713,1.5,0.942,-0.5
2024-11-02,104,52,52,0.0,-0.05,0,104,0,26,6,24,0.4135,0.08,1.04,0.115
2024-11-03,50,25,25,0.0,0.291,0,50,0,10,2,4,0.4899,0.32,0.943,-0.76
2024-11-04,70,35,35,0.0,-0.03,0,70,0,14,2,6,0.4145,1.34,0.913,-0.143
2024-11-05,106,53,53,0.0,0.071,0,106,0,20,10,14,0.4368,1.06,0.883,0.849
2024-11-06,82,41,41,0.0,0.037,0,82,0,16,0,8,0.4297,2.0,0.856,0.902
2024-11-07,90,45,45,0.0,-0.056,0,90,0,18,6,6,0.4659,1.36,0.944,-0.111
2024-11-08,90,45,45,0.0,0.033,0,90,0,18,10,10,0.3965,1.4,0.93,0.333
2024-11-09,84,42,42,0.0,0.092,0,84,0,16,6,14,0.3765,0.14,1.02,-0.667
2024-11-10,90,45,45,0.0,0.367,0,90,0,20,12,14,0.3742,1.73,0.992,0.822
2024-11-11,70,35,35,0.0,0.355,0,70,0,14,8,6,0.5151,2.0,0.977,1.0
2024-11-12,74,37,37,0.0,0.153,0,74,0,16,6,12,0.4481,2.0,0.95,0.297
2024-11-13,92,46,46,0.0,0.032,0,92,0,12,2,16,0.3819,2.0,0.864,-0.304
2024-11-14,100,50,50,0.0,0.146,0,100,0,22,4,8,0.2834,2.0,0.88,-0.68
2024-11-15,112,56,56,0.0,0.112,0,112,0,22,4,8,0.3837,2.0,0.865,0.321
2024-11-16,66,33,33,0.0,-0.076,0,66,0,16,10,8,0.3553,1.52,0.945,0.455
2024-11-17,94,47,47,0.0,-0.035,0,94,0,14,0,4,0.4076,1.77,0.964,-0.404
2024-11-18,68,34,34,0.0,0.303,0,68,0,8,0,2,0.3357,2.0,0.815,0.353
2024-11-19,98,49,49,0.0,-0.04,0,98,0,16,6,8,0.5007,1.98,0.925,0.673
2024-11-20,96,48,48,0.0,0.147,0,96,0,18,8,8,0.4408,2.0,0.977,0.167
2024-11-21,94,47,47,0.0,0.072,0,94,0,14,0,4,0.4334,2.0,0.88,0.617
2024-11-22,134,67,67,0.0,-0.042,0,134,0,28,10,10,0.4107,1.99,0.934,0.284
2024-11-23,100,50,50,0.0,-0.027,0,100,0,20,12,10,0.3673,0.66,0.911,-0.68
2024-11-24,52,26,26,0.0,0.207,0,52,0,12,2,6,0.5327,1.27,0.9,0.0
2024-11-25,82,41,41,0.0,0.499,0,82,0,10,0,4,0.3901,1.85,0.872,0.22
2024-11-26,60,30,30,0.0,0.086,0,60,0,14,2,8,0.4656,2.0,1.033,-0.4
2024-11-27,80,40,40,0.0,0.012,0,80,0,20,8,10,0.4717,1.73,0.893,0.9
2024-11-28,72,36,36,0.0,-0.094,0,72,0,8,0,8,0.3532,1.78,0.906,-0.389
2024-11-29,66,33,33,0.0,-0.069,0,66,0,14,0,12,0.3663,1.27,0.92,0.091
2024-11-30,84,42,42,0.0,0.078,0,84,0,16,0,12,0.4209,0.57,0.949,0.381
2024-12-01,78,39,39,0.0,0.056,0,78,0,14,0,16,0.4669,1.13,0.991,0.026
2024-12-02,72,36,36,0.0,0.041,0,72,0,12,8,8,0.4277,1.94,0.914,-0.556
2024-12-03,62,31,31,0.0,0.31,0,62,0,14,8,8,0.5048,1.48,0.969,0.484
2024-12-04,100,50,50,0.0,-0.078,0,100,0,16,0,6,0.4974,1.58,0.89,0.04
2024-12-05,102,51,51,0.0,0.211,0,102,0,18,4,12,0.4372,2.0,0.888,0.412
2024-12-06,76,38,38,0.0,0.193,0,76,0,12,0,12,0.4202,2.0,0.934,0.684
2024-12-07,116,58,58,0.0,-0.056,0,116,0,22,4,8,0.3572,1.26,0.963,0.069
2024-12-08,108,54,54,0.0,0.25,0,108,0,12,10,10,0.4103,1.39,0.917,-0.111
2024-12-09,60,30,30,0.0,0.286,0,60,0,12,0,6,0.5476,2.0,1.042,-0.667
2024-12-10,82,41,41,0.0,0.06,0,82,0,22,6,12,0.4969,2.0,1.032,0.268
2024-12-11,80,40,40,0.0,0.108,0,80,0,22,4,8,0.4221,1.77,1.021,0.7
2024-12-12,74,37,37,0.0,0.123,0,74,0,12,0,18,0.4576,1.76,1.002,0.027
2024-12-13,82,41,41,0.0,0.144,0,82,0,10,0,8,0.3935,1.59,0.894,0.122
2024-12-14,116,58,58,0.0,0.024,0,116,0,18,0,14,0.3806,1.0,0.877,-0.034
2024-12-15,114,57,57,0.0,0.055,0,114,0,14,0,18,0.4339,1.32,0.965,0.649
2024-12-16,82,41,41,0.0,0.147,0,82,0,14,6,8,0.4603,1.71,0.819,0.268
2024-12-17,26,13,13,0.0,-0.02,0,26,0,2,0,4,0.4035,1.62,0.994,0.077
2024-12-18,108,54,54,0.0,0.068,0,108,0,14,0,10,0.4872,2.0,0.9,-0.778
2024-12-19,108,54,54,0.0,0.033,0,108,0,8,0,18,0.4519,1.85,0.829,-0.037
2024-12-20,96,48,48,0.01,-0.096,1,95,0,22,4,20,0.4849,2.0,0.941,-0.292
2024-12-21,112,56,56,0.0,-0.015,0,112,0,18,2,12,0.302,1.89,0.907,-0.143
2024-12-22,102,51,51,0.0,0.09,0,102,0,16,8,10,0.3608,1.96,0.931,-0.529
2024-12-23,82,41,41,0.024,0.203,2,80,0,16,0,10,0.4892,2.0,0.967,0.024
2024-12-24,36,18,18,0.028,1.439,1,35,0,4,0,4,0.4071,1.78,0.884,0.222
2024-12-25,118,59,59,0.0,0.121,0,118,0,20,10,14,0.3724,1.69,0.973,0.051
2024-12-26,114,57,57,0.0,0.007,0,114,0,32,18,16,0.4021,1.91,0.952,-0.719
2024-12-27,130,65,65,0.0,0.057,0,126,4,26,2,18,0.3473,1.94,0.912,-0.108
2024-12-28,160,80,80,0.0,-0.052,0,160,0,32,8,18,0.4133,0.62,1.029,0.425
2024-12-29,142,71,71,0.0,-0.031,0,142,0,28,0,18,0.3642,0.58,0.999,-0.014
2024-12-30,106,53,53,0.0,-0.043,0,106,0,18,2,12,0.4122,1.62,0.905,0.358
2024-12-31,108,54,54,0.0,0.015,0,103,5,18,0,14,0.3766,1.81,0.902,-0.296
