language,filename,blank,comment,code,"github.com/AlDanial/cloc v 2.10  T=1.04 s (189.4 files/s 56318.5 lines/s)"
Python,.\scripts\governance\behavioral_constant_authority_trace.py,104,60,1430
Python,.\scripts\training\phase5_calibration.py,190,244,1264
Python,.\scripts\governance\who_numeric_dependency_census.py,81,54,1174
Python,.\scripts\analysis\feature_pipeline_fc05_closure.py,65,46,1132
Python,.\scripts\analysis\pit_swing_blast_radius.py,113,106,936
Python,.\scripts\analysis\phase1_run15a_quantity_role_adjudication.py,71,28,881
Python,.\scripts\analysis\phase1_run1_feature_truth.py,76,35,866
Python,.\scripts\governance\three_authority_surplus_census.py,50,24,819
Python,.\scripts\analysis\feature_semantic_adjudication_pass_a.py,57,54,801
Python,.\scripts\governance\feature_surface_query.py,98,101,752
Python,.\scripts\research\momentum_continuation_bnbusdt.py,174,142,734
Python,.\scripts\analysis\feature_surface_closure_audit.py,62,52,720
Python,.\scripts\training\auto_tuner_multi.py,149,106,646
Python,.\scripts\analysis\feature_38_lineage_census.py,22,22,605
Python,.\scripts\training\auto_tuner.py,147,153,603
Python,.\scripts\research\live_path_replay.py,86,106,580
Python,.\scripts\backtest\manual_backtest.py,120,82,578
Python,.\scripts\analysis\geometry_census.py,69,89,571
Python,.\scripts\analysis\pit_swing_gateon_ab.py,82,60,550
Python,.\scripts\groq_bridge\prepare_retrospective.py,124,181,538
Python,.\scripts\analysis\ohlcv_census.py,50,40,534
Python,.\scripts\analysis\xauusd_corpus_timestamp_gap_analysis.py,57,37,528
Python,.\scripts\analysis\purge_delay_scan.py,91,82,478
Python,.\scripts\analysis\b2a_feature_candidate_certification.py,90,90,458
Python,.\scripts\analysis\feature_math_lint.py,70,111,425
Python,.\scripts\analysis\bnbusdt_trade_anatomy.py,55,43,416
Python,.\scripts\training\train_trade_net_v2.py,84,62,415
Python,.\scripts\groq_bridge\ingest_response.py,84,56,406
Python,.\scripts\data\unified_data_builder.py,96,115,398
Python,.\scripts\analysis\crt_xauusd_runtime_trace.py,34,15,396
Python,.\scripts\research\edge_attribution_study.py,40,34,395
Python,.\scripts\training\auto_tuner_gemini_gate.py,97,60,395
Python,.\scripts\analysis\p3b_gate_expired_counterfactual_rr.py,55,74,377
Python,.\scripts\validate_integration.py,97,71,369
Python,.\scripts\analysis\python_source_static_census.py,103,13,365
Python,.\scripts\research\phase0_economic_edge_diagnosis.py,51,58,365
Python,.\scripts\analysis\phase1_duplicate_formula_identity_closure.py,37,11,363
Python,.\scripts\analysis\p3c_zone_relax_diag.py,67,94,358
Python,.\scripts\analysis\xauusd_phase1_finish_validation.py,31,28,354
Python,.\scripts\analysis\p4_execution_intent_attribution.py,58,122,350
Python,.\scripts\research\bnbusdt_analyze_report.py,60,60,350
Python,.\scripts\research\qualify_zone_topk.py,59,65,338
Python,.\scripts\analysis\session_sweep.py,53,72,333
Python,.\scripts\data\prepare_data.py,84,113,326
Python,.\scripts\misc\trade_replay_validator.py,56,60,309
Python,.\scripts\analysis\config_reachability.py,66,121,308
Python,.\scripts\auto_train_from_opportunities.py,46,41,291
Python,.\scripts\analysis\p3c1_build_trade_audit.py,49,85,290
Python,.\scripts\analysis\rr_confidence_probe.py,49,32,286
Python,.\scripts\analysis\behavior_census.py,49,83,282
Python,.\scripts\analysis\feature_dag_structural_certification.py,48,48,270
Python,.\scripts\governance\feature_certification_state.py,45,34,266
Python,.\scripts\research\diagnose_zone_inertness.py,49,56,265
Python,.\scripts\analysis\compress_logs_for_llm.py,43,24,257
Python,.\scripts\analysis\consensus_sweep.py,53,44,255
Python,.\scripts\research\discover_zones.py,36,32,254
Python,.\scripts\analysis\feature_dag_layers.py,36,47,240
Python,.\scripts\analysis\p3a_zone_attribution_diag.py,46,76,240
Python,.\scripts\analysis\feature_math_decision_flip_probe.py,52,44,236
Python,.\scripts\analysis\gate2b_adjudication.py,14,39,236
Python,.\scripts\governance\feature_dag_certify.py,60,46,236
Python,.\scripts\research\phase_b_conditional_entropy.py,39,30,230
Python,.\scripts\analysis\build_feature_contract_v1_seed.py,15,2,229
Python,.\scripts\analysis\p3b_session_relax_diag.py,45,65,229
Python,.\scripts\training\train_bitnet.py,64,37,229
Python,.\scripts\analysis\pit_phaseC_feature_certification.py,39,32,227
Python,.\scripts\context\build_context.py,44,28,222
Python,.\scripts\research\m5_mtf_information.py,39,30,218
Python,.\scripts\analysis\p2_disp_exemption_diag.py,50,77,217
Python,.\scripts\research\phase_e_structural_asymmetry.py,41,24,217
Python,.\scripts\data\build_rr_dataset.py,43,46,215
Python,.\scripts\research\execution_planner_replay.py,42,47,215
Python,.\scripts\research\opportunity_scanner.py,38,35,210
Python,.\scripts\research\qualify_weekly_sweep.py,47,44,210
Python,.\scripts\analysis\build_pattern_library.py,37,36,208
Python,.\scripts\research\phase_d_exit_grid.py,34,16,204
Python,.\scripts\research\qualify_htf.py,41,37,202
Python,.\scripts\research\gaussian_rr_scatter.py,40,38,201
Python,.\scripts\research\qualify_regime_transition.py,41,25,200
Python,.\scripts\research\rr_shadow_value.py,34,36,195
Python,.\scripts\research\accepted_trade_attribution.py,22,18,185
Python,.\scripts\governance\seed_hypothesis_registry.py,16,12,175
Python,.\scripts\research\qualify_regime_conditioning.py,36,22,175
Python,.\scripts\analysis\gate_contribution_audit.py,23,13,173
Python,.\scripts\research\qualify_m5_straddle.py,32,20,173
Python,.\scripts\research\transition_information.py,34,21,173
Python,.\scripts\research\bnbusdt_enrich_trades.py,24,35,171
Python,.\scripts\data\fetch_forex_yfinance.py,39,23,169
Python,.\scripts\governance\construction_protocol.py,36,30,169
Python,.\scripts\research\qualify_fx_metals.py,37,30,169
Python,.\scripts\research\qualify_interpreter.py,31,26,169
Python,.\scripts\research\qualify_majors.py,37,30,169
Python,.\scripts\research\phase_s_selection_effect.py,29,24,168
Python,.\scripts\analysis\early_invalidation_exectrade_ab.py,25,28,160
Python,.\scripts\governance\seed_framework_registry.py,25,21,159
Python,.\scripts\analysis\p1_sweep_memory_diag.py,36,45,157
Python,.\scripts\analysis\gd004_disp_rescale_probe.py,31,24,151
Python,.\scripts\data\fetch_and_verify_binance.py,31,17,149
Python,.\scripts\data\fetch_and_verify_mt5.py,30,35,147
Python,.\scripts\research\feature_region_oos_study.py,30,30,147
Python,.\scripts\analysis\feature_dag_rolling_certification.py,33,15,144
Python,.\scripts\research\qualify_transitions.py,29,14,143
Python,.\scripts\analysis\early_invalidation_ab.py,27,27,142
Python,.\scripts\analysis\purge_slice.py,34,29,141
Python,.\scripts\research\bnbusdt_conditional_edge.py,32,17,141
Python,.\scripts\analysis\bnb_ema_gate_ab.py,25,26,137
Python,.\scripts\analysis\feature_math_drift_probe.py,30,23,136
Python,.\scripts\analysis\legacy_feature_fingerprint.py,16,5,133
Python,.\scripts\data\fetch_candles_alphavantage.py,28,29,131
Python,.\scripts\training\train_rr_model.py,21,35,130
Python,.\scripts\analysis\detection_sweep.py,25,32,129
Python,.\scripts\data\fetch_crypto_ccxt.py,40,19,129
Python,.\scripts\data\build_m15_unified.py,45,24,125
Python,.\scripts\analysis\xauusd_strict_reject_forensic.py,15,6,124
Python,.\scripts\research\candle_state_report.py,21,13,123
Python,.\scripts\groq_bridge\apply_llm_suggestions.py,21,15,119
Python,.\scripts\research\ingest_live_outcomes.py,25,49,116
Python,.\scripts\maintenance\rotate_session_log.py,29,25,112
Python,.\scripts\research\qualify_harvest.py,31,15,111
Python,.\scripts\build_consolidated_docs.py,13,17,109
Python,.\scripts\analysis\gen_flow_graphs.py,27,33,105
Python,.\scripts\analysis\session_cost_audit.py,22,13,105
Python,.\scripts\governance\framework_registry_report.py,27,5,105
Python,.\scripts\research\qualify_carry.py,26,17,105
Python,.\scripts\research\qualify_cross_sectional.py,26,14,103
Python,.\scripts\research\promotion_dryrun.py,18,18,101
Python,.\scripts\research\zone_label_audit.py,18,16,101
Python,.\scripts\analysis\daily_crypto_structure.py,8,1,95
Python,.\scripts\analysis\process_diagnostics.py,20,15,95
Python,.\scripts\training\train_pipeline.py,24,29,92
Python,.\scripts\maintenance\_promote_v4_bnb_cutover.py,15,19,89
Python,.\scripts\research\verify_m5_resample_parity.py,19,19,87
Python,.\scripts\analysis\process_characterizer.py,18,17,84
Python,.\scripts\data\fetch_perp_funding.py,26,19,82
Python,.\scripts\metrics\extract_metrics.py,26,31,81
Python,.\scripts\governance\query_registry.py,17,11,78
Python,.\scripts\governance\framework_gap_audit.py,18,12,77
Python,.\scripts\governance\promote_v2.py,21,12,77
Python,.\scripts\maintenance\check_session_log_commit.py,34,28,76
Python,.\scripts\analysis\funnel_diagnosis.py,15,18,75
Python,.\scripts\misc\run_parity.py,20,15,75
Python,.\scripts\tmp_cert_worktrees.py,20,24,75
Python,.\scripts\context\seed_build_queue.py,22,23,74
Python,.\scripts\data\fetch_candles_hummingbot.py,22,22,74
Python,.\scripts\analysis\zone_registry_builder.py,32,0,72
Python,.\scripts\maintenance\check_consolidation_due.py,24,15,72
Python,.\scripts\_gate5_compliance_pass.py,15,18,70
Python,.\scripts\analysis\gen_code_map.py,45,208,70
Python,.\scripts\research\phase6e_shadow_ab.py,16,13,69
Python,.\scripts\maintenance\check_governance_invariants.py,26,32,68
Python,.\scripts\analysis\reachability_validation_report.py,17,16,67
Python,.\scripts\export\regen_bitnet_35.py,14,13,65
Python,.\scripts\maintenance\cleanup_logs.py,21,11,65
Python,.\scripts\analysis\gen_citation_map.py,19,22,63
Python,.\scripts\data\fetch_candles_mt5.py,17,18,63
Python,.\scripts\maintenance\reorganize_results.py,18,10,63
Python,.\scripts\misc\build_zone_registry_from_trades.py,14,12,63
Python,.\scripts\governance\query_hypotheses.py,14,8,61
Python,.\scripts\research\bnbusdt_forensics.py,17,12,60
Python,.\scripts\analysis\schema_audit.py,14,9,56
Python,.\scripts\analysis\update_reachability_golden.py,17,25,54
Python,.\scripts\analysis\session_override_scoping_proof.py,16,23,53
Python,.\scripts\backtest\backtest_debug_harness.py,4,2,50
Python,.\scripts\update_config_hash.py,6,6,50
Python,.\scripts\governance\update_registry.py,13,6,46
Python,.\scripts\context\log_turn.py,11,10,43
Python,.\scripts\research\build_resampled_data.py,16,14,41
Python,.\scripts\misc\resample_m1_to_m15.py,15,6,39
Python,.\scripts\analysis\exit_model_band.py,12,11,38
Python,.\scripts\context\discussion.py,10,8,37
Python,.\scripts\data\build_tradenet_dataset.py,16,19,37
Python,.\scripts\export\generate_bootstrap_model.py,14,11,35
Python,.\scripts\data\check_yfinance.py,5,4,31
Python,.\scripts\misc\bitnet_ternary_inference.py,8,1,31
Python,.\scripts\context\pack_story.py,10,7,29
Python,.\scripts\data\check_availability.py,2,2,28
Python,.\scripts\export\export_bitnet_model.py,8,7,28
Python,.\scripts\data\split_bnb_excel.py,9,5,26
Python,.\scripts\analysis\gen_dummy_trades.py,6,7,25
Python,.\scripts\research\inspect_old_runs.py,3,2,25
Python,.\scripts\data\convert_binance_m1_to_m15.py,10,0,23
Python,.\scripts\data\generate_vectors.py,4,2,22
Python,.\scripts\extract_folder_structure.py,7,3,22
Python,.\scripts\governance\export_findings.py,10,7,22
Python,.\scripts\analysis\gen_pyan.py,6,4,20
Python,.\scripts\data\convert_bnb_to_csv.py,4,2,18
Python,.\scripts\data\csv_to_excel.py,5,4,18
Python,.\scripts\control_plane\run_server.py,7,0,17
Python,.\scripts\analysis\compare_bitnet_cpp_python.py,5,0,16
Python,.\scripts\analysis\generate_cli_matrix.py,7,0,15
Python,.\scripts\data\verify_output.py,2,1,15
Python,.\scripts\maintenance\fix_bom.py,3,1,15
Python,.\scripts\training\build_stage1_dataset.py,8,23,15
Python,.\scripts\data\test_yf_periods.py,1,1,12
Python,.\scripts\maintenance\_compute_hash.py,0,0,12
Python,.\scripts\export_model_registry.py,0,0,1
Python,.\scripts\__init__.py,1,0,0
SUM,,7370,6879,44321
