path,loc_approx,class_count,function_count,async_function_count,import_count,internal_import_count,entry_point_markers,config_reads,file_io_hits,subprocess_usage,network_usage,top_level_execution,test_reference_count,parse_status,syntax_error
scripts/__init__.py,0,0,0,0,0,0,[],0,0,0,0,False,17,OK,
scripts/_gate5_compliance_pass.py,71,0,0,0,3,0,[],0,4,0,0,True,0,OK,
scripts/analysis/b2a_feature_candidate_certification.py,515,0,23,0,11,1,"[""__main__"", ""function:main""]",0,1,0,0,True,1,OK,
scripts/analysis/behavior_census.py,330,0,13,0,8,0,"[""__main__"", ""function:main""]",0,0,0,0,True,1,OK,
scripts/analysis/bnb_ema_gate_ab.py,162,0,5,0,11,3,"[""__main__"", ""function:main""]",0,0,1,0,True,0,OK,
scripts/analysis/bnbusdt_trade_anatomy.py,434,0,16,0,18,1,"[""__main__"", ""function:main""]",0,5,0,0,True,0,OK,
scripts/analysis/build_feature_contract_v1_seed.py,229,0,2,0,6,1,"[""__main__"", ""function:main""]",0,0,0,0,True,0,OK,
scripts/analysis/build_pattern_library.py,238,0,5,0,9,0,"[""__main__"", ""function:main""]",0,0,0,0,True,0,OK,
scripts/analysis/compare_bitnet_cpp_python.py,16,0,1,0,2,0,[],0,2,0,0,True,0,OK,
scripts/analysis/compress_logs_for_llm.py,273,0,7,0,10,1,"[""__main__"", ""function:main""]",0,2,0,0,True,0,OK,
scripts/analysis/config_reachability.py,386,0,16,0,10,2,"[""__main__"", ""function:main""]",3,0,0,0,True,2,OK,
scripts/analysis/consensus_sweep.py,289,0,9,0,9,2,"[""__main__"", ""function:main""]",0,0,0,0,True,0,OK,
scripts/analysis/crt_xauusd_runtime_trace.py,403,0,5,0,12,4,"[""__main__"", ""function:main""]",2,3,0,0,True,1,OK,
scripts/analysis/daily_crypto_structure.py,95,0,2,0,6,0,"[""__main__""]",0,2,0,0,False,0,OK,
scripts/analysis/detection_sweep.py,153,0,3,0,9,1,"[""__main__"", ""function:main""]",0,0,0,0,True,0,OK,
scripts/analysis/early_invalidation_ab.py,167,0,4,0,8,0,"[""__main__"", ""function:main"", ""function:run""]",0,0,0,0,True,0,OK,
scripts/analysis/early_invalidation_exectrade_ab.py,187,0,7,0,9,0,"[""__main__"", ""function:main"", ""function:run""]",0,1,0,0,True,0,OK,
scripts/analysis/exit_model_band.py,48,0,1,0,6,1,"[""__main__"", ""function:main""]",0,0,0,0,True,1,OK,
scripts/analysis/feature_38_lineage_census.py,610,0,2,0,12,2,"[""__main__"", ""function:main""]",0,1,0,0,True,1,OK,
scripts/analysis/feature_dag_layers.py,263,0,6,0,8,2,"[""__main__"", ""function:main""]",0,0,0,0,True,2,OK,
scripts/analysis/feature_dag_rolling_certification.py,158,0,9,0,10,1,"[""__main__"", ""function:main""]",0,1,0,0,True,1,OK,
scripts/analysis/feature_dag_structural_certification.py,307,0,16,0,12,2,"[""__main__"", ""function:main""]",0,1,2,0,True,1,OK,
scripts/analysis/feature_math_decision_flip_probe.py,265,0,14,0,16,5,"[""__main__"", ""function:main""]",0,1,0,0,True,0,OK,
scripts/analysis/feature_math_drift_probe.py,159,0,6,0,10,2,"[""__main__"", ""function:main""]",0,1,0,0,True,0,OK,
scripts/analysis/feature_math_lint.py,467,0,21,0,9,1,"[""__main__"", ""function:main""]",0,0,0,0,True,1,OK,
scripts/analysis/feature_pipeline_fc05_closure.py,1141,0,16,0,17,3,"[""__main__"", ""function:main"", ""function:run""]",4,2,2,0,True,1,OK,
scripts/analysis/feature_semantic_adjudication_pass_a.py,807,0,12,0,14,3,"[""__main__"", ""function:main""]",5,2,0,0,True,0,OK,
scripts/analysis/feature_surface_closure_audit.py,755,0,17,0,10,1,"[""__main__"", ""function:main""]",0,0,0,0,True,0,OK,
scripts/analysis/funnel_diagnosis.py,89,0,2,0,7,0,"[""__main__"", ""function:main""]",0,1,0,0,False,0,OK,
scripts/analysis/gate2b_adjudication.py,248,0,3,0,5,0,"[""__main__"", ""function:main""]",0,1,0,0,True,2,OK,
scripts/analysis/gate_contribution_audit.py,184,0,7,0,8,0,"[""__main__"", ""function:main""]",0,4,0,0,False,0,OK,
scripts/analysis/gd004_disp_rescale_probe.py,173,0,4,0,9,1,"[""__main__"", ""function:main""]",0,1,0,0,True,1,OK,
scripts/analysis/gen_citation_map.py,82,0,3,0,4,0,"[""__main__"", ""function:main""]",0,0,0,0,False,0,OK,
scripts/analysis/gen_code_map.py,271,0,15,0,4,0,"[""__main__"", ""function:main""]",0,0,0,0,False,1,OK,
scripts/analysis/gen_dummy_trades.py,30,0,1,0,5,2,"[""__main__"", ""function:main""]",0,2,0,0,False,0,OK,
scripts/analysis/gen_flow_graphs.py,136,0,5,0,6,0,"[""__main__"", ""function:main""]",0,0,0,0,True,1,OK,
scripts/analysis/gen_pyan.py,21,0,0,0,5,0,[],0,1,1,0,True,1,OK,
scripts/analysis/generate_cli_matrix.py,15,0,1,0,4,0,"[""__main__"", ""function:main""]",0,0,0,0,True,1,OK,
scripts/analysis/geometry_census.py,614,1,27,0,7,0,"[""__main__"", ""function:main""]",0,1,1,0,True,5,OK,
scripts/analysis/legacy_feature_fingerprint.py,137,0,3,0,13,2,"[""__main__"", ""function:main""]",1,2,0,0,True,0,OK,
scripts/analysis/ohlcv_census.py,564,0,14,0,13,0,"[""__main__"", ""function:main""]",0,2,1,0,True,0,OK,
scripts/analysis/p1_sweep_memory_diag.py,177,0,2,0,8,2,[],0,1,0,0,True,0,OK,
scripts/analysis/p2_disp_exemption_diag.py,249,0,2,0,8,2,[],0,1,0,0,True,0,OK,
scripts/analysis/p3a_zone_attribution_diag.py,272,0,4,0,11,2,[],0,1,0,0,True,0,OK,
scripts/analysis/p3b_gate_expired_counterfactual_rr.py,421,0,6,0,7,0,"[""__main__"", ""function:main""]",0,5,0,0,False,0,OK,
scripts/analysis/p3b_session_relax_diag.py,258,0,4,0,9,1,[],0,2,0,0,True,0,OK,
scripts/analysis/p3c1_build_trade_audit.py,337,0,3,0,10,2,[],0,0,0,0,True,0,OK,
scripts/analysis/p3c_zone_relax_diag.py,395,0,6,0,10,2,[],0,2,0,0,True,0,OK,
scripts/analysis/p4_execution_intent_attribution.py,395,0,7,0,12,2,[],0,0,0,0,True,1,OK,
scripts/analysis/phase1_duplicate_formula_identity_closure.py,366,0,10,0,9,2,"[""__main__"", ""function:main""]",0,0,0,0,True,1,OK,
scripts/analysis/phase1_run15a_quantity_role_adjudication.py,885,0,7,0,9,0,"[""__main__"", ""function:main""]",0,0,2,0,False,1,OK,
scripts/analysis/phase1_run1_feature_truth.py,876,0,14,0,17,2,"[""__main__"", ""function:main""]",1,2,2,0,True,1,OK,
scripts/analysis/pit_phaseC_feature_certification.py,252,0,8,0,11,2,"[""__main__"", ""function:main""]",0,1,0,0,True,1,OK,
scripts/analysis/pit_swing_blast_radius.py,975,0,17,0,20,6,"[""__main__"", ""function:main""]",1,1,0,0,True,0,OK,
scripts/analysis/pit_swing_gateon_ab.py,577,3,15,0,20,6,"[""__main__"", ""function:main"", ""function:run""]",4,4,0,0,True,0,OK,
scripts/analysis/process_characterizer.py,99,0,3,0,10,1,"[""__main__"", ""function:main""]",0,0,1,0,True,0,OK,
scripts/analysis/process_diagnostics.py,110,0,4,0,10,1,"[""__main__"", ""function:main""]",0,0,1,0,True,1,OK,
scripts/analysis/purge_delay_scan.py,526,0,13,0,6,0,"[""__main__"", ""function:main""]",0,6,0,0,False,0,OK,
scripts/analysis/purge_slice.py,165,0,8,0,7,0,"[""__main__"", ""function:main""]",0,1,0,0,False,0,OK,
scripts/analysis/python_source_static_census.py,377,0,14,0,7,0,"[""__main__"", ""function:main""]",0,2,0,0,False,0,OK,
scripts/analysis/reachability_validation_report.py,81,0,5,0,5,0,"[""__main__"", ""function:main""]",2,0,0,0,False,0,OK,
scripts/analysis/rr_confidence_probe.py,306,0,10,0,9,3,"[""__main__"", ""function:main""]",0,5,0,0,True,0,OK,
scripts/analysis/schema_audit.py,65,0,3,0,6,1,"[""__main__"", ""function:main""]",0,1,0,0,False,0,OK,
scripts/analysis/session_cost_audit.py,114,0,5,0,4,0,"[""__main__"", ""function:main""]",0,1,0,0,False,0,OK,
scripts/analysis/session_override_scoping_proof.py,73,0,1,0,5,1,"[""__main__"", ""function:main""]",0,0,0,0,True,0,OK,
scripts/analysis/session_sweep.py,377,0,8,0,9,2,"[""__main__"", ""function:main""]",0,0,0,0,True,0,OK,
scripts/analysis/update_reachability_golden.py,77,0,4,0,6,0,"[""__main__"", ""function:main""]",2,0,0,0,False,1,OK,
scripts/analysis/xauusd_corpus_timestamp_gap_analysis.py,542,0,16,0,8,0,"[""__main__"", ""function:main""]",1,2,0,0,True,0,OK,
scripts/analysis/xauusd_phase1_finish_validation.py,359,0,5,0,14,2,"[""__main__"", ""function:main""]",1,3,0,0,True,0,OK,
scripts/analysis/xauusd_strict_reject_forensic.py,128,0,2,0,9,1,"[""__main__"", ""function:main""]",8,0,0,0,True,0,OK,
scripts/analysis/zone_registry_builder.py,72,0,9,0,7,3,"[""__main__"", ""function:run""]",0,2,0,0,False,0,OK,
scripts/auto_train_from_opportunities.py,316,0,10,0,11,1,"[""__main__"", ""function:main""]",0,2,1,0,False,0,OK,
scripts/backtest/backtest_debug_harness.py,50,0,0,0,4,1,[],1,0,0,0,True,0,OK,
scripts/backtest/manual_backtest.py,594,1,21,0,14,0,"[""__main__"", ""function:run""]",0,5,0,0,False,0,OK,
scripts/build_consolidated_docs.py,119,0,3,0,1,0,"[""__main__"", ""function:main""]",0,2,0,0,False,0,OK,
scripts/context/build_context.py,246,0,16,0,8,0,"[""__main__"", ""function:main""]",0,0,1,0,True,1,OK,
scripts/context/discussion.py,45,0,1,0,6,0,"[""__main__"", ""function:main""]",0,0,0,0,True,2,OK,
scripts/context/log_turn.py,53,0,1,0,6,0,"[""__main__"", ""function:main""]",0,3,0,0,True,0,OK,
scripts/context/pack_story.py,36,0,1,0,6,0,"[""__main__"", ""function:main""]",0,0,0,0,True,0,OK,
scripts/context/seed_build_queue.py,93,0,4,0,5,0,"[""__main__"", ""function:main""]",0,0,0,0,False,1,OK,
scripts/control_plane/run_server.py,17,0,1,0,5,1,"[""__main__"", ""function:main""]",0,0,0,0,True,0,OK,
scripts/data/build_m15_unified.py,125,0,6,0,3,0,"[""__main__"", ""function:main""]",7,3,0,0,False,0,OK,
scripts/data/build_rr_dataset.py,244,0,7,0,12,2,"[""__main__"", ""function:main""]",0,3,0,0,True,0,OK,
scripts/data/build_tradenet_dataset.py,56,0,1,0,6,1,"[""__main__"", ""function:main""]",0,1,0,0,True,0,OK,
scripts/data/check_availability.py,29,0,0,0,2,0,[],0,1,0,0,True,0,OK,
scripts/data/check_yfinance.py,32,0,0,0,2,0,[],0,0,0,0,True,0,OK,
scripts/data/convert_binance_m1_to_m15.py,23,0,0,0,3,0,[],0,2,0,0,True,0,OK,
scripts/data/convert_bnb_to_csv.py,18,0,1,0,2,0,"[""__main__""]",0,1,0,0,False,0,OK,
scripts/data/csv_to_excel.py,22,0,0,0,2,0,[],0,1,0,0,True,0,OK,
scripts/data/fetch_and_verify_binance.py,164,0,7,0,12,1,"[""__main__"", ""function:main""]",5,0,0,0,True,0,OK,
scripts/data/fetch_and_verify_mt5.py,175,0,5,0,11,1,"[""__main__"", ""function:main""]",6,0,0,0,True,0,OK,
scripts/data/fetch_candles_alphavantage.py,149,0,3,0,8,0,"[""__main__"", ""function:main""]",5,1,0,0,True,0,OK,
scripts/data/fetch_candles_hummingbot.py,88,0,2,0,7,0,"[""__main__"", ""function:main""]",0,1,0,0,True,0,OK,
scripts/data/fetch_candles_mt5.py,76,0,2,0,6,0,"[""__main__"", ""function:main""]",0,0,0,0,True,0,OK,
scripts/data/fetch_crypto_ccxt.py,139,0,4,0,10,0,"[""__main__"", ""function:main""]",0,2,0,0,True,0,OK,
scripts/data/fetch_forex_yfinance.py,188,0,7,0,10,0,"[""__main__"", ""function:main""]",0,3,0,0,True,0,OK,
scripts/data/fetch_perp_funding.py,96,0,2,0,7,0,"[""__main__"", ""function:main""]",0,1,0,0,True,0,OK,
scripts/data/generate_vectors.py,22,0,2,0,5,1,"[""__main__"", ""function:main""]",0,1,0,0,True,3,OK,
scripts/data/prepare_data.py,392,0,10,0,8,0,"[""__main__"", ""function:main""]",0,4,0,0,False,2,OK,
scripts/data/split_bnb_excel.py,26,0,1,0,3,0,"[""__main__""]",0,1,0,0,False,0,OK,
scripts/data/test_yf_periods.py,13,0,0,0,2,0,[],0,0,0,0,True,0,OK,
scripts/data/unified_data_builder.py,472,0,6,0,10,0,"[""__main__"", ""function:main""]",3,1,0,0,True,0,OK,
scripts/data/verify_output.py,16,0,0,0,2,0,[],0,1,0,0,True,0,OK,
scripts/export/export_bitnet_model.py,35,0,2,0,6,1,"[""__main__"", ""function:main""]",0,1,0,0,True,0,OK,
scripts/export/generate_bootstrap_model.py,46,0,1,0,5,0,[],0,0,0,0,True,0,OK,
scripts/export/regen_bitnet_35.py,77,0,1,0,5,0,[],0,1,0,0,True,0,OK,
scripts/export_model_registry.py,1,0,0,0,0,0,[],0,0,0,0,True,0,OK,
scripts/extract_folder_structure.py,22,0,0,0,2,0,[],0,1,0,0,True,0,OK,
scripts/governance/behavioral_constant_authority_trace.py,1447,1,29,0,13,2,"[""__main__"", ""function:main""]",0,0,1,0,True,1,OK,
scripts/governance/construction_protocol.py,188,0,8,0,8,0,"[""__main__"", ""function:main""]",0,0,2,0,True,1,OK,
scripts/governance/export_findings.py,29,0,1,0,5,0,"[""__main__"", ""function:main""]",0,0,0,0,True,1,OK,
scripts/governance/feature_certification_state.py,291,0,12,0,9,1,"[""__main__"", ""function:main""]",0,0,0,0,True,1,OK,
scripts/governance/feature_dag_certify.py,273,1,16,0,8,0,"[""__main__"", ""function:main""]",0,1,0,0,True,1,OK,
scripts/governance/feature_surface_query.py,786,2,24,0,14,2,"[""__main__"", ""function:main""]",4,3,0,0,True,1,OK,
scripts/governance/framework_gap_audit.py,84,0,3,0,4,0,"[""__main__"", ""function:main""]",0,0,0,0,True,0,OK,
scripts/governance/framework_registry_report.py,110,0,9,0,4,0,"[""__main__"", ""function:main""]",0,0,0,0,True,0,OK,
scripts/governance/promote_v2.py,86,0,1,0,8,0,"[""__main__"", ""function:main""]",0,0,0,0,True,1,OK,
scripts/governance/query_hypotheses.py,69,0,2,0,6,0,"[""__main__"", ""function:main""]",0,0,0,0,True,0,OK,
scripts/governance/query_registry.py,89,0,4,0,6,0,"[""__main__"", ""function:main""]",0,0,0,0,True,1,OK,
scripts/governance/seed_framework_registry.py,172,0,4,0,4,0,"[""__main__"", ""function:main""]",0,0,0,0,True,2,OK,
scripts/governance/seed_hypothesis_registry.py,187,0,3,0,4,0,"[""__main__"", ""function:main""]",0,0,0,0,True,2,OK,
scripts/governance/three_authority_surplus_census.py,832,0,10,0,12,3,"[""__main__"", ""function:main""]",4,0,0,0,True,1,OK,
scripts/governance/update_registry.py,52,0,1,0,6,0,"[""__main__"", ""function:main""]",0,0,0,0,True,0,OK,
scripts/governance/who_numeric_dependency_census.py,1202,0,17,0,12,2,"[""__main__"", ""function:main""]",1,0,0,0,True,1,OK,
scripts/groq_bridge/apply_llm_suggestions.py,133,0,6,0,7,0,"[""__main__"", ""function:main""]",0,0,3,0,False,0,OK,
scripts/groq_bridge/ingest_response.py,429,0,12,0,9,0,"[""__main__"", ""function:main""]",0,5,2,0,False,0,OK,
scripts/groq_bridge/prepare_retrospective.py,676,0,19,0,11,0,"[""__main__"", ""function:main""]",0,6,0,0,False,0,OK,
scripts/maintenance/_compute_hash.py,12,0,0,0,2,0,[],0,0,0,0,True,0,OK,
scripts/maintenance/_promote_v4_bnb_cutover.py,104,0,2,0,10,1,"[""__main__"", ""function:main""]",5,3,0,0,True,0,OK,
scripts/maintenance/check_consolidation_due.py,85,1,5,0,6,0,"[""__main__"", ""function:main""]",0,0,0,0,True,1,OK,
scripts/maintenance/check_governance_invariants.py,91,0,5,0,4,0,"[""__main__"", ""function:main""]",0,0,2,0,False,1,OK,
scripts/maintenance/check_session_log_commit.py,101,0,10,0,6,0,"[""__main__"", ""function:main""]",0,0,2,0,False,1,OK,
scripts/maintenance/cleanup_logs.py,73,0,3,0,5,0,"[""__main__"", ""function:main"", ""function:run""]",0,0,0,0,True,0,OK,
scripts/maintenance/fix_bom.py,16,0,0,0,2,0,[],0,2,0,0,True,0,OK,
scripts/maintenance/reorganize_results.py,73,0,3,0,4,0,"[""__main__"", ""function:main"", ""function:run""]",0,0,0,0,False,0,OK,
scripts/maintenance/rotate_session_log.py,131,0,7,0,5,0,"[""__main__"", ""function:main""]",0,0,0,0,True,2,OK,
scripts/metrics/extract_metrics.py,107,0,4,0,7,1,"[""__main__"", ""function:main""]",0,0,0,0,False,1,OK,
scripts/misc/bitnet_ternary_inference.py,31,0,5,0,6,1,"[""__main__"", ""function:main""]",0,3,0,0,True,0,OK,
scripts/misc/build_zone_registry_from_trades.py,71,0,4,0,5,0,"[""__main__"", ""function:main""]",0,1,0,0,False,0,OK,
scripts/misc/resample_m1_to_m15.py,39,0,0,0,4,0,[],0,2,0,0,True,0,OK,
scripts/misc/run_parity.py,85,0,2,0,6,0,"[""__main__"", ""function:main""]",0,0,1,0,False,0,OK,
scripts/misc/trade_replay_validator.py,340,1,7,0,6,1,[],0,1,0,0,True,0,OK,
scripts/research/accepted_trade_attribution.py,198,0,4,0,10,0,"[""__main__"", ""function:run""]",0,2,0,0,True,0,OK,
scripts/research/bnbusdt_analyze_report.py,359,0,7,0,6,0,[],0,2,0,0,True,0,OK,
scripts/research/bnbusdt_conditional_edge.py,156,0,10,0,7,0,"[""__main__"", ""function:main""]",0,1,0,0,True,0,OK,
scripts/research/bnbusdt_enrich_trades.py,183,0,0,0,7,0,[],0,5,0,0,True,0,OK,
scripts/research/bnbusdt_forensics.py,70,0,2,0,10,0,"[""__main__"", ""function:main""]",1,1,0,0,True,0,OK,
scripts/research/build_resampled_data.py,54,0,2,0,7,1,"[""__main__"", ""function:main""]",0,0,0,0,True,0,OK,
scripts/research/candle_state_report.py,133,0,2,0,7,0,"[""__main__"", ""function:main""]",0,1,0,0,True,0,OK,
scripts/research/diagnose_zone_inertness.py,298,1,12,0,16,0,"[""__main__"", ""function:main""]",1,1,0,0,True,0,OK,
scripts/research/discover_zones.py,275,0,6,0,10,2,"[""__main__"", ""function:main""]",0,2,0,0,True,1,OK,
scripts/research/edge_attribution_study.py,412,0,12,0,13,1,"[""__main__"", ""function:main""]",0,2,0,0,True,0,OK,
scripts/research/execution_planner_replay.py,251,0,9,0,12,3,"[""__main__"", ""function:main""]",1,2,0,0,True,1,OK,
scripts/research/feature_region_oos_study.py,172,0,6,0,13,1,"[""__main__"", ""function:main""]",0,1,0,0,True,0,OK,
scripts/research/gaussian_rr_scatter.py,210,0,4,0,10,3,"[""__main__"", ""function:main""]",0,1,0,0,True,0,OK,
scripts/research/ingest_live_outcomes.py,163,0,5,0,7,0,"[""__main__"", ""function:main""]",0,4,0,0,False,0,OK,
scripts/research/inspect_old_runs.py,26,0,0,0,3,0,[],0,2,0,0,True,0,OK,
scripts/research/live_path_replay.py,639,0,28,0,18,7,"[""__main__"", ""function:main""]",4,1,0,0,True,0,OK,
scripts/research/m5_mtf_information.py,243,0,8,0,15,1,"[""__main__"", ""function:main""]",0,0,1,0,True,0,OK,
scripts/research/momentum_continuation_bnbusdt.py,782,0,23,0,12,0,"[""__main__"", ""function:main""]",0,3,0,0,False,0,OK,
scripts/research/opportunity_scanner.py,241,0,4,0,10,2,"[""__main__"", ""function:main""]",0,2,0,0,True,0,OK,
scripts/research/phase0_economic_edge_diagnosis.py,401,1,13,0,14,1,"[""__main__"", ""function:main""]",0,2,0,0,True,0,OK,
scripts/research/phase6e_shadow_ab.py,81,0,2,0,7,3,"[""__main__"", ""function:main""]",0,0,0,0,True,0,OK,
scripts/research/phase_b_conditional_entropy.py,250,0,7,0,15,1,"[""__main__"", ""function:main""]",5,1,1,0,True,0,OK,
scripts/research/phase_d_exit_grid.py,219,0,11,0,20,1,"[""__main__"", ""function:main""]",19,1,1,0,True,0,OK,
scripts/research/phase_e_structural_asymmetry.py,231,0,10,0,13,0,"[""__main__"", ""function:main""]",12,1,1,0,True,0,OK,
scripts/research/phase_s_selection_effect.py,189,0,7,0,14,2,"[""__main__"", ""function:main""]",5,1,1,0,True,0,OK,
scripts/research/promotion_dryrun.py,110,0,4,0,11,4,"[""__main__"", ""function:main""]",0,1,0,0,True,0,OK,
scripts/research/qualify_carry.py,120,0,4,0,11,0,"[""__main__"", ""function:main""]",0,1,1,0,True,0,OK,
scripts/research/qualify_cross_sectional.py,115,0,4,0,11,0,"[""__main__"", ""function:main""]",0,1,1,0,True,0,OK,
scripts/research/qualify_fx_metals.py,193,0,6,0,19,0,"[""__main__"", ""function:main""]",1,0,1,0,True,0,OK,
scripts/research/qualify_harvest.py,125,0,5,0,11,0,"[""__main__"", ""function:main""]",0,1,1,0,True,1,OK,
scripts/research/qualify_htf.py,227,0,7,0,19,0,"[""__main__"", ""function:main""]",1,1,1,0,True,0,OK,
scripts/research/qualify_interpreter.py,187,0,6,0,18,1,"[""__main__"", ""function:main""]",0,0,0,0,True,0,OK,
scripts/research/qualify_m5_straddle.py,192,0,6,0,19,0,"[""__main__"", ""function:main""]",0,0,1,0,True,0,OK,
scripts/research/qualify_majors.py,193,0,6,0,19,0,"[""__main__"", ""function:main""]",1,0,1,0,True,0,OK,
scripts/research/qualify_regime_conditioning.py,196,0,8,0,21,1,"[""__main__"", ""function:main""]",1,0,1,0,True,0,OK,
scripts/research/qualify_regime_transition.py,224,1,9,0,21,1,"[""__main__"", ""function:main""]",1,1,1,0,True,0,OK,
scripts/research/qualify_transitions.py,156,0,5,0,19,0,"[""__main__"", ""function:main""]",0,0,1,0,True,0,OK,
scripts/research/qualify_weekly_sweep.py,248,0,9,0,21,0,"[""__main__"", ""function:main""]",0,1,1,0,True,0,OK,
scripts/research/qualify_zone_topk.py,375,2,17,0,28,3,"[""__main__"", ""function:main""]",2,1,1,0,True,0,OK,
scripts/research/rr_shadow_value.py,220,0,6,0,9,4,"[""__main__"", ""function:main""]",1,4,0,0,True,0,OK,
scripts/research/transition_information.py,188,0,6,0,14,1,"[""__main__"", ""function:main""]",0,0,1,0,True,0,OK,
scripts/research/verify_m5_resample_parity.py,105,0,3,0,7,1,"[""__main__"", ""function:main""]",0,0,0,0,True,1,OK,
scripts/research/zone_label_audit.py,112,0,1,0,10,1,"[""__main__"", ""function:main""]",0,0,0,0,True,1,OK,
scripts/tmp_cert_worktrees.py,98,0,4,0,4,0,"[""__main__"", ""function:main""]",0,0,0,0,False,0,OK,
scripts/training/auto_tuner.py,684,4,30,0,17,5,"[""__main__"", ""function:main"", ""function:run""]",3,4,0,0,True,0,OK,
scripts/training/auto_tuner_gemini_gate.py,420,3,30,0,18,5,"[""__main__"", ""function:main"", ""function:run""]",2,3,0,0,True,0,OK,
scripts/training/auto_tuner_multi.py,695,4,33,0,21,4,"[""__main__"", ""function:main"", ""function:run""]",3,3,0,0,True,3,OK,
scripts/training/build_stage1_dataset.py,37,0,0,0,4,0,"[""__main__""]",0,0,0,0,True,0,OK,
scripts/training/phase5_calibration.py,1395,2,28,0,24,5,"[""__main__"", ""function:main""]",0,4,0,0,True,2,OK,
scripts/training/train_bitnet.py,251,0,9,0,11,1,"[""__main__"", ""function:main""]",0,1,0,0,True,0,OK,
scripts/training/train_pipeline.py,111,0,2,0,9,0,"[""__main__""]",0,0,0,0,True,2,OK,
scripts/training/train_rr_model.py,143,0,1,0,10,3,"[""__main__"", ""function:main""]",0,0,0,0,True,0,OK,
scripts/training/train_trade_net_v2.py,454,2,22,0,19,4,"[""__main__"", ""function:main""]",1,1,0,0,True,1,OK,
scripts/update_config_hash.py,55,0,3,0,5,0,"[""__main__""]",0,2,0,0,False,0,OK,
scripts/validate_integration.py,379,7,11,0,24,9,"[""function:run""]",0,2,1,0,True,0,OK,
src/__init__.py,0,0,0,0,0,0,[],0,0,0,0,False,17,OK,
src/agent/__init__.py,2,0,0,0,1,0,[],0,0,0,0,False,17,OK,
src/agent/agent_core.py,178,1,8,0,12,1,[],5,0,0,0,False,0,OK,
src/agent/audit.py,110,1,6,0,7,0,[],0,1,0,0,False,23,OK,
src/agent/cli.py,81,0,2,0,9,1,"[""__main__"", ""function:main""]",4,0,0,0,True,2,OK,
src/agent/executor.py,146,2,5,0,8,0,[],0,0,0,0,False,4,OK,
src/agent/findings_synthesizer.py,271,0,12,0,10,1,[],1,4,0,0,False,0,OK,
src/agent/groq_client.py,213,1,11,0,12,1,[],17,1,0,3,True,0,OK,
src/agent/intent_router.py,104,1,5,0,8,1,[],0,1,0,0,False,1,OK,
src/agent/log_query.py,267,0,7,0,5,0,[],0,2,0,0,False,0,OK,
src/agent/modes/__init__.py,6,0,0,0,1,0,[],0,0,0,0,False,17,OK,
src/agent/modes/copilot_mode.py,199,0,7,0,13,6,[],4,1,0,0,False,0,OK,
src/agent/modes/findings_mode.py,48,0,3,0,4,0,[],0,0,0,0,False,0,OK,
src/agent/modes/governance_mode.py,154,0,6,0,9,0,[],0,2,0,0,False,0,OK,
src/agent/modes/log_query_mode.py,75,0,3,0,5,0,[],0,0,0,0,True,0,OK,
src/agent/modes/pipeline_mode.py,161,0,6,0,13,4,[],2,3,1,0,False,0,OK,
src/agent/plan_compiler.py,121,3,4,0,3,0,[],0,0,0,0,False,1,OK,
src/agent/state.py,80,2,6,0,6,0,[],0,2,0,0,False,46,OK,
src/agent/tool_planner.py,94,1,3,0,5,0,[],0,0,0,0,False,0,OK,
src/agent/tool_registry.py,62,1,4,0,4,0,[],0,0,0,0,False,2,OK,
src/analytics/__init__.py,1,0,0,0,0,0,[],0,0,0,0,False,17,OK,
src/analytics/clustering.py,59,1,3,0,1,0,[],0,0,0,0,False,1,OK,
src/analytics/metrics_oracle.py,222,1,24,0,2,0,[],0,0,0,0,False,4,OK,
src/analytics/performance.py,81,1,5,0,2,0,[],0,0,0,0,False,2,OK,
src/analytics/sl_tp_comparator.py,533,2,16,0,15,3,"[""__main__""]",6,3,0,0,True,1,OK,
src/bitnet/__init__.py,44,0,0,0,5,1,[],0,0,0,0,True,17,OK,
src/bitnet/_smoke_test.py,121,0,7,0,9,1,"[""__main__""]",0,1,0,0,True,0,OK,
src/bitnet/bitnet_inference.py,249,1,10,0,7,2,[],0,1,0,0,True,1,OK,
src/bitnet/bitnet_runner.py,181,1,5,0,9,2,[],1,0,0,0,True,0,OK,
src/bitnet/forward_tester.py,174,1,5,0,6,0,[],0,1,0,0,False,0,OK,
src/bitnet/model_contract.py,195,0,4,0,6,2,[],0,0,0,0,True,0,OK,
src/bitnet/stability_checker.py,114,1,2,0,4,0,[],0,0,0,0,False,0,OK,
src/bitnet/zone_cosine_searcher.py,388,3,16,0,8,2,[],0,2,0,0,True,0,OK,
src/bitnet/zone_validator.py,85,1,3,0,2,0,[],0,0,0,0,False,0,OK,
src/cognitive/__init__.py,2,0,0,0,1,0,[],0,0,0,0,False,17,OK,
src/cognitive/cognitive_bus.py,315,2,9,0,15,2,[],1,2,0,0,False,1,OK,
src/config_layer/__init__.py,1,0,0,0,0,0,[],0,0,0,0,False,17,OK,
src/config_layer/config_builder.py,172,1,5,0,5,2,"[""__main__""]",7,0,0,0,False,5,OK,
src/config_layer/config_validator.py,482,1,13,0,14,5,"[""__main__""]",2,2,0,0,True,6,OK,
src/config_layer/crt_engine_v2.py,2365,20,80,0,24,7,[],2,1,0,0,True,44,OK,
src/config_layer/crt_gaussian_scorer.py,166,1,6,0,8,3,[],0,0,0,0,True,0,OK,
src/config_layer/crt_sweep_taxonomy.py,105,0,3,0,2,0,[],0,0,0,0,False,1,OK,
src/config_layer/execution_planner.py,406,1,7,0,9,1,"[""__main__""]",2,0,0,0,False,6,OK,
src/config_layer/goal_schema.py,129,1,5,0,7,1,[],6,0,0,0,True,2,OK,
src/config_layer/goal_validator.py,112,2,5,0,7,1,[],0,0,0,0,True,1,OK,
src/config_layer/insight_reporter.py,356,1,14,0,6,1,"[""__main__""]",0,1,0,0,False,0,OK,
src/config_layer/llm_inference_client.py,270,0,7,0,11,3,[],6,1,0,5,True,3,OK,
src/config_layer/llm_narrative.py,233,0,3,0,7,1,[],0,0,0,3,False,0,OK,
src/config_layer/llm_scorer.py,255,1,7,0,9,1,[],0,0,0,5,False,0,OK,
src/config_layer/market_router.py,48,0,2,0,4,1,[],3,0,0,0,False,3,OK,
src/config_layer/production_config.py,396,0,16,0,11,2,"[""__main__""]",10,4,0,0,False,11,OK,
src/config_layer/rr/__init__.py,1,0,0,0,0,0,[],0,0,0,0,False,17,OK,
src/config_layer/rr/rr_dataset_builder.py,290,0,9,0,9,3,[],0,2,0,0,False,1,OK,
src/config_layer/rr/rr_fusion.py,179,1,13,0,11,5,[],0,0,0,0,True,6,OK,
src/config_layer/rr/rr_pattern_miner.py,399,2,14,0,12,2,[],0,2,0,0,True,1,OK,
src/config_layer/state_contract.py,123,2,6,0,4,0,[],0,0,0,0,False,1,OK,
src/config_layer/state_contract_loader.py,237,1,13,0,9,3,[],0,0,0,0,False,3,OK,
src/config_layer/state_topology.py,101,1,5,0,4,1,[],0,0,0,0,False,1,OK,
src/control_plane/__init__.py,5,0,0,0,3,3,[],0,0,0,0,False,17,OK,
src/control_plane/code_context_extractor.py,144,0,4,0,6,0,[],0,0,0,0,False,0,OK,
src/control_plane/context_report.py,291,1,4,0,7,0,[],3,0,0,0,False,1,OK,
src/control_plane/cp_types.py,51,3,0,0,3,0,[],0,0,0,0,False,2,OK,
src/control_plane/dashboard_api.py,910,1,31,0,8,1,[],5,8,0,0,False,0,OK,
src/control_plane/dot_graph_context.py,254,0,16,0,7,0,[],0,0,0,0,False,2,OK,
src/control_plane/jobs.py,432,1,19,0,14,3,[],1,4,1,0,False,4,OK,
src/control_plane/monitors.py,268,1,13,0,9,0,[],6,2,0,0,False,0,OK,
src/control_plane/registry.py,1097,0,12,0,8,1,[],0,0,0,0,False,42,OK,
src/control_plane/report_api.py,255,1,4,0,10,0,[],4,0,0,4,False,0,OK,
src/control_plane/server.py,2080,3,36,0,24,10,"[""__main__""]",1,1,0,1,True,7,OK,
src/core/__init__.py,1,0,0,0,0,0,[],0,0,0,0,False,17,OK,
src/core/acceptance_controller.py,144,1,9,0,5,1,[],13,0,0,0,False,3,OK,
src/core/backtest_port.py,59,2,5,0,3,1,"[""function:run""]",0,0,0,0,False,0,OK,
src/core/collector.py,175,1,9,0,8,1,[],1,0,0,0,True,8,OK,
src/core/convergence_controller.py,237,1,10,0,6,1,[],1,0,0,0,False,4,OK,
src/core/decision_engine.py,170,2,8,0,5,1,[],2,0,0,0,False,3,OK,
src/core/dynamic_threshold.py,55,1,4,0,2,0,[],0,0,0,0,False,2,OK,
src/core/engine_runner.py,873,1,17,0,29,17,"[""function:run""]",8,1,0,0,True,27,OK,
src/core/feature_store.py,158,3,10,0,8,3,[],0,0,0,0,False,1,OK,
src/core/fusion_engine.py,581,6,18,0,6,1,[],0,0,0,0,True,9,OK,
src/core/gate_intelligence.py,250,1,7,0,3,0,[],0,0,0,0,False,1,OK,
src/core/governance_mode.py,49,0,3,0,3,1,[],2,0,0,0,False,0,OK,
src/core/hierarchical_meta_fusion.py,273,3,6,0,6,0,[],0,0,0,0,False,0,OK,
src/core/model_registry.py,1190,8,91,0,16,3,[],11,2,0,0,False,3,OK,
src/core/regime_governor.py,282,1,8,0,6,1,[],2,0,0,0,False,4,OK,
src/core/signal_audit.py,178,1,10,0,5,0,[],1,1,0,0,False,3,OK,
src/core/signal_belief_tracker.py,139,4,6,0,2,0,[],3,0,0,0,False,1,OK,
src/core/types.py,89,7,2,0,3,0,[],0,0,0,0,False,17,OK,
src/core/ultron_risk_gate.py,329,1,6,0,8,0,"[""__main__""]",12,0,0,0,False,4,OK,
src/core/ultron_risk_gate_wrapper.py,95,1,2,0,5,0,[],1,0,0,0,False,1,OK,
src/data_ingestion/__init__.py,0,0,0,0,0,0,[],0,0,0,0,False,17,OK,
src/data_ingestion/dataset_integrity.py,725,2,25,0,17,2,"[""__main__""]",8,4,0,0,True,4,OK,
src/data_ingestion/historical_fetcher.py,491,3,24,0,15,1,"[""__main__""]",2,1,0,0,True,0,OK,
src/data_ingestion/ohlcv_schema.py,149,1,6,0,5,0,[],0,0,0,0,False,5,OK,
src/data_ingestion/session_autoderive.py,50,0,3,0,4,0,[],0,0,0,0,False,2,OK,
src/data_ingestion/xauusd_phase1_candidate.py,229,2,9,0,8,0,[],0,2,0,0,False,2,OK,
src/engines/__init__.py,1,0,0,0,0,0,[],0,0,0,0,False,17,OK,
src/engines/crt_engine.py,58,0,2,0,5,1,[],0,0,0,0,True,5,OK,
src/engines/gaussian_engine.py,27,0,0,0,1,1,[],0,0,0,0,False,2,OK,
src/engines/heuristic_gaussian_engine.py,265,2,14,0,10,1,[],5,1,0,0,False,1,OK,
src/engines/live_engine.py,824,5,27,0,18,3,"[""__main__""]",9,1,0,1,True,2,OK,
src/engines/llm_engine.py,29,0,1,0,4,1,[],0,0,0,0,True,0,OK,
src/engines/ml_gaussian_engine.py,157,1,3,0,10,3,[],4,0,0,0,False,1,OK,
src/engines/rr_engine.py,66,1,2,0,1,0,[],1,0,0,0,False,0,OK,
src/engines/scoring_engine.py,191,1,8,0,8,4,[],4,0,0,0,False,3,OK,
src/engines/tradenet_meta_engine.py,241,1,5,0,10,2,[],0,0,0,0,True,1,OK,
src/engines/trap_validator_engine.py,56,1,2,0,2,0,[],2,0,0,0,False,1,OK,
src/engines/zone_gate_engine.py,209,0,8,0,8,1,[],0,1,0,0,False,4,OK,
src/events/__init__.py,12,0,0,0,1,0,[],0,0,0,0,False,17,OK,
src/events/event_fabric.py,150,2,7,0,7,1,[],0,0,0,0,False,2,OK,
src/execution/__init__.py,0,0,0,0,0,0,[],0,0,0,0,False,17,OK,
src/execution/alert_manager.py,50,1,2,0,3,0,[],0,0,0,0,False,1,OK,
src/execution/execution_intent_v1_0.py,90,3,8,0,4,0,[],0,0,0,0,False,1,OK,
src/execution/loop.py,140,2,9,0,3,0,"[""function:run""]",0,0,0,0,False,5,OK,
src/execution/override_handler.py,59,1,2,0,3,0,[],0,0,0,0,False,1,OK,
src/expansion/__init__.py,12,0,0,0,0,0,[],0,0,0,0,False,17,OK,
src/expansion/config_mutator.py,50,1,2,0,2,1,[],2,0,0,0,False,1,OK,
src/expansion/evaluator.py,55,1,3,0,1,1,[],0,0,0,0,False,3,OK,
src/expansion/expansion_engine.py,232,1,7,0,10,4,"[""function:run""]",3,3,0,0,False,1,OK,
src/expansion/llm_pattern_extractor.py,145,0,5,0,6,2,[],0,1,0,0,False,0,OK,
src/expansion/policy_schema.py,74,6,0,0,2,0,[],0,0,0,0,False,2,OK,
src/features/__init__.py,0,0,0,0,0,0,[],0,0,0,0,False,17,OK,
src/features/candle_math.py,54,0,7,0,0,0,[],0,0,0,0,False,9,OK,
src/features/causal_structure.py,157,0,3,0,5,2,[],0,0,0,0,False,1,OK,
src/features/crt_feature_builder.py,114,0,2,0,6,3,[],1,0,0,0,True,0,OK,
src/features/dataset_builder.py,143,0,7,0,5,1,[],0,1,0,0,False,0,OK,
src/features/dataset_validator.py,188,1,4,0,10,3,[],0,1,0,0,True,2,OK,
src/features/derived_math.py,125,0,10,0,2,0,[],0,0,0,0,False,9,OK,
src/features/feature_builder.py,53,1,3,0,2,1,[],2,0,0,0,False,1,OK,
src/features/feature_identity.py,191,4,12,0,6,0,[],0,0,0,0,False,2,OK,
src/features/feature_monitor.py,253,1,10,0,7,0,"[""__main__""]",0,0,0,0,False,2,OK,
src/features/feature_pipeline.py,648,1,26,0,11,3,"[""function:run""]",0,0,0,0,False,10,OK,
src/features/feature_schema.py,278,3,17,0,4,1,[],0,1,0,0,True,24,OK,
src/features/fm_resolve.py,217,2,8,0,6,2,[],0,0,0,0,False,2,OK,
src/features/formula_registry.py,32,0,0,0,2,1,[],0,0,0,0,False,3,OK,
src/features/registry/__init__.py,106,0,3,0,6,4,[],0,0,0,0,False,17,OK,
src/features/registry/_loader.py,10,0,1,0,3,0,[],0,0,0,0,False,1,OK,
src/features/registry/composition_registry.py,32,0,2,0,5,2,[],0,0,0,0,False,3,OK,
src/features/registry/derived_registry.py,37,0,1,0,5,2,[],0,0,0,0,False,3,OK,
src/features/registry/primitive_registry.py,20,0,0,0,3,1,[],0,0,0,0,False,1,OK,
src/features/schema_validator.py,63,0,3,0,3,0,[],0,0,0,0,False,3,OK,
src/feedback/__init__.py,0,0,0,0,0,0,[],0,0,0,0,False,17,OK,
src/feedback/ai_feedback.py,94,1,3,0,3,0,[],0,0,0,0,False,1,OK,
src/governance/__init__.py,2,0,0,0,1,0,[],0,0,0,0,False,17,OK,
src/governance/bitnet_governance_executor.py,78,1,4,0,5,0,[],0,2,1,0,False,1,OK,
src/governance/config_integrity.py,88,0,4,0,5,0,"[""__main__""]",2,1,0,0,False,1,OK,
src/governance/expansion_integration.py,265,2,9,0,9,3,"[""function:run""]",0,1,0,0,True,1,OK,
src/governance/findings_export.py,97,0,6,0,4,0,[],0,0,0,0,False,2,OK,
src/governance/framework_registry.py,269,2,22,0,8,0,[],0,1,0,0,False,3,OK,
src/governance/hypothesis_registry.py,165,1,14,0,7,0,[],0,1,0,0,False,2,OK,
src/governance/multi_strategy_validator.py,207,1,5,0,8,0,[],0,0,0,0,True,1,OK,
src/governance/orchestrator.py,253,1,4,0,9,0,"[""__main__"", ""function:main"", ""function:run""]",0,1,0,0,True,3,OK,
src/governance/portfolio_validation.py,471,2,19,0,18,4,"[""__main__"", ""function:main""]",1,2,0,0,True,1,OK,
src/governance/promotion_manager.py,573,1,12,0,12,1,"[""__main__""]",2,9,0,0,True,4,OK,
src/governance/reflection_buffer_advanced.py,127,1,5,0,4,1,[],0,4,0,0,False,0,OK,
src/governance/shadow_promotion_gate.py,204,1,6,0,8,0,[],1,4,1,0,False,1,OK,
src/governance/strategy_backtest.py,272,2,8,0,11,2,"[""function:run""]",0,1,0,0,True,1,OK,
src/inout/alphavantage_candle_fetcher.py,267,2,10,0,15,1,[],2,1,0,2,True,0,OK,
src/inout/hummingbot_candle_fetcher.py,290,2,15,1,15,1,[],6,1,0,0,True,0,OK,
src/inout/mt5_candle_fetcher.py,263,2,10,0,9,0,[],1,1,0,0,True,0,OK,
src/inout/perp_funding_fetcher.py,275,2,19,0,14,1,[],2,1,0,2,True,1,OK,
src/interpreters/__init__.py,11,0,0,0,0,0,[],0,0,0,0,False,17,OK,
src/interpreters/adapter.py,54,1,2,0,4,0,[],0,0,0,0,False,13,OK,
src/interpreters/contract.py,142,6,12,0,7,1,[],0,0,0,0,False,43,OK,
src/interpreters/point_and_figure.py,119,1,6,0,6,1,[],0,0,0,0,False,2,OK,
src/interpreters/reference.py,140,3,8,0,5,1,[],0,0,0,0,False,23,OK,
src/interpreters/regime_observer.py,194,3,10,0,7,0,[],0,0,0,0,False,3,OK,
src/journal/__init__.py,0,0,0,0,0,0,[],0,0,0,0,False,17,OK,
src/journal/schema.py,29,1,3,0,3,0,[],0,1,0,0,False,39,OK,
src/journal/trade_execution_link_v1_0.py,42,1,4,0,3,0,[],0,0,0,0,False,1,OK,
src/journal/trade_identity_v1_0.py,69,1,6,0,4,0,[],0,0,0,0,False,1,OK,
src/journal/trade_logger.py,97,1,4,0,7,3,[],0,3,0,0,True,1,OK,
src/journal/trade_provenance_v1_0.py,37,1,4,0,3,0,[],0,0,0,0,False,1,OK,
src/live/__init__.py,0,0,0,0,0,0,[],0,0,0,0,False,17,OK,
src/live/mt5_bridge.py,255,1,9,0,8,1,[],8,0,0,0,True,1,OK,
src/live/telegram_bridge.py,172,1,8,0,9,1,[],6,0,0,0,True,1,OK,
src/llm_research/__init__.py,12,0,0,0,0,0,[],0,0,0,0,False,17,OK,
src/llm_research/evaluator.py,130,1,6,0,4,1,[],0,1,0,0,False,3,OK,
src/llm_research/forward_tester.py,193,2,12,0,7,2,[],0,2,0,0,False,0,OK,
src/llm_research/pattern_extractor.py,175,1,9,0,7,1,[],0,3,0,0,False,0,OK,
src/llm_research/policy_builder.py,103,1,6,0,2,1,[],0,0,0,0,False,0,OK,
src/monitoring/__init__.py,0,0,0,0,0,0,[],0,0,0,0,False,17,OK,
src/monitoring/health_checker.py,152,2,9,0,15,1,"[""__main__"", ""function:main""]",0,0,0,0,True,1,OK,
src/multi_llm/__init__.py,4,0,0,0,0,0,[],0,0,0,0,False,17,OK,
src/multi_llm/context_pack.py,88,0,4,0,4,0,[],0,0,0,0,False,1,OK,
src/multi_llm/discussion.py,90,0,8,0,4,0,[],0,0,0,0,False,2,OK,
src/multi_llm/tokens.py,10,0,1,0,1,0,[],0,0,0,0,False,0,OK,
src/multi_llm/turn_ledger.py,185,2,12,0,9,0,[],0,0,0,0,False,2,OK,
src/portfolio/__init__.py,0,0,0,0,0,0,[],0,0,0,0,False,17,OK,
src/portfolio/allocator.py,97,1,6,0,4,3,[],0,0,0,0,False,2,OK,
src/portfolio/capital_policy.py,86,1,3,0,1,0,[],0,0,0,0,False,1,OK,
src/portfolio/correlation_engine.py,223,2,8,0,9,3,[],3,0,0,0,False,3,OK,
src/portfolio/exposure_tracker.py,56,1,8,0,2,0,[],0,0,0,0,False,1,OK,
src/regime/__init__.py,0,0,0,0,0,0,[],0,0,0,0,False,17,OK,
src/regime/config_router.py,167,1,10,0,5,1,[],0,3,0,0,False,2,OK,
src/regime/market_state_cluster_engine.py,289,2,9,0,5,0,[],0,0,0,0,False,1,OK,
src/regime/regime_classifier.py,85,1,5,0,2,0,[],0,0,0,0,False,2,OK,
src/replay/__init__.py,0,0,0,0,0,0,[],0,0,0,0,False,17,OK,
src/replay/replay_drift_governor.py,233,2,4,0,10,0,[],0,1,0,0,False,0,OK,
src/replay/replay_memory_engine.py,465,4,25,0,12,2,[],0,1,0,0,True,2,OK,
src/replay/replay_similarity_index.py,236,1,12,0,6,0,[],0,0,0,0,True,1,OK,
src/replay/timing_advisor.py,106,1,8,0,5,0,[],0,1,0,0,False,1,OK,
src/replay/timing_reconstructor.py,205,0,5,0,7,0,[],0,3,0,0,True,1,OK,
src/research/__init__.py,8,0,0,0,0,0,[],0,0,0,0,False,17,OK,
src/research/adapters/__init__.py,13,0,0,0,1,0,[],0,0,0,0,False,17,OK,
src/research/adapters/spine_signal_source.py,185,3,11,0,11,2,[],1,2,0,0,False,1,OK,
src/research/adapters/structural_event_source.py,101,1,4,0,8,2,[],0,1,0,0,False,0,OK,
src/research/candle_state/__init__.py,15,0,0,0,1,0,[],0,0,0,0,False,17,OK,
src/research/candle_state/encoder.py,173,2,10,0,4,0,[],0,0,0,0,False,6,OK,
src/research/candle_state/info_robustness.py,76,0,5,0,4,0,[],0,0,0,0,False,1,OK,
src/research/candle_state/m5_incremental.py,98,0,3,0,5,0,[],0,0,0,0,False,1,OK,
src/research/candle_state/mtf_conjunction.py,103,2,4,0,6,0,[],0,0,0,0,False,3,OK,
src/research/candle_state/reporting.py,66,0,4,0,2,0,[],0,0,0,0,False,1,OK,
src/research/candle_state/transition_target.py,85,0,6,0,4,0,[],0,0,0,0,False,1,OK,
src/research/cli.py,167,0,6,0,18,0,"[""__main__"", ""function:main""]",2,0,1,0,False,2,OK,
src/research/conditional_entropy_grid.py,188,3,14,0,8,0,[],0,0,0,0,False,1,OK,
src/research/config.py,106,1,3,0,5,0,[],0,1,0,0,False,66,OK,
src/research/contracts.py,95,5,1,0,5,1,[],0,0,0,0,True,16,OK,
src/research/controls/__init__.py,11,0,0,0,3,0,[],0,0,0,0,True,17,OK,
src/research/controls/always_long.py,33,1,2,0,4,0,[],0,0,0,0,False,3,OK,
src/research/controls/random_baseline.py,42,1,2,0,5,0,[],0,0,0,0,False,0,OK,
src/research/costs.py,31,1,2,0,2,0,[],0,0,0,0,False,12,OK,
src/research/cross_sectional.py,485,4,31,0,12,1,[],0,2,0,0,False,3,OK,
src/research/exit_grid.py,175,1,9,0,7,0,[],0,0,0,0,False,2,OK,
src/research/forensics.py,333,0,19,0,11,1,[],0,0,0,0,False,2,OK,
src/research/hypotheses/__init__.py,11,0,0,0,1,0,[],0,0,0,0,False,17,OK,
src/research/hypotheses/compression_box_straddle.py,70,1,2,0,6,0,[],0,0,0,0,False,2,OK,
src/research/hypotheses/compression_breakout.py,65,1,2,0,6,0,[],0,0,0,0,False,1,OK,
src/research/hypotheses/expansion_breakout.py,48,1,2,0,5,0,[],0,0,0,0,False,4,OK,
src/research/hypotheses/mean_reversion.py,48,1,2,0,5,0,[],0,0,0,0,False,3,OK,
src/research/hypotheses/spine_hypothesis.py,78,1,3,0,6,0,[],0,0,0,0,False,1,OK,
src/research/hypotheses/weekly_sweep_reversal.py,124,1,2,0,8,0,[],0,0,0,0,False,1,OK,
src/research/indicators.py,28,0,2,0,2,0,[],0,0,0,0,False,3,OK,
src/research/measurement/__init__.py,4,0,0,0,2,0,[],0,0,0,0,False,17,OK,
src/research/measurement/forward_walk.py,295,0,4,0,4,0,[],0,0,0,0,False,15,OK,
src/research/measurement/metrics.py,96,1,3,0,5,0,[],0,0,0,0,False,29,OK,
src/research/process_characterization.py,246,1,11,0,6,0,[],0,0,0,0,False,1,OK,
src/research/process_diagnostics.py,270,1,13,0,7,0,[],0,0,0,0,False,1,OK,
src/research/provenance.py,25,0,2,0,1,0,[],0,0,0,0,False,11,OK,
src/research/qualification.py,201,2,11,0,7,0,[],0,0,0,0,False,11,OK,
src/research/regime_conditioning.py,393,1,16,0,10,0,[],0,1,0,0,False,3,OK,
src/research/registry.py,40,0,3,0,3,0,[],0,0,0,0,False,42,OK,
src/research/resample.py,116,0,7,0,5,1,[],0,1,0,0,False,5,OK,
src/research/runner.py,125,2,8,0,15,1,"[""function:run""]",0,0,0,0,False,22,OK,
src/research/secondlow_v1/__init__.py,33,0,0,0,2,0,[],0,0,0,0,False,17,OK,
src/research/secondlow_v1/corpus.py,42,0,1,0,3,0,[],0,0,0,0,False,12,OK,
src/research/secondlow_v1/depth_metrics.py,67,1,3,0,5,0,[],0,0,0,0,False,0,OK,
src/research/secondlow_v1/detector.py,172,1,10,0,8,0,[],0,1,0,0,False,3,OK,
src/research/secondlow_v1/regime_metrics.py,63,1,3,0,6,0,[],0,0,0,0,False,0,OK,
src/research/selection_effect.py,73,0,7,0,4,0,[],0,0,0,0,False,1,OK,
src/research/structural_asymmetry.py,129,1,9,0,6,0,[],0,0,0,0,False,1,OK,
src/research/weekly_sweep/__init__.py,18,0,0,0,1,0,[],0,0,0,0,False,17,OK,
src/research/weekly_sweep/weekly_range.py,166,2,6,0,5,1,[],0,0,0,0,True,1,OK,
src/research/zone_label_audit.py,260,1,10,0,7,0,[],0,0,0,0,False,1,OK,
src/runtime/__init__.py,0,0,0,0,0,0,[],0,0,0,0,False,17,OK,
src/runtime/analyze_fusion_shadow.py,136,0,5,0,10,1,"[""__main__"", ""function:main""]",0,0,0,0,True,1,OK,
src/runtime/backtest_bitnet.py,373,0,6,0,14,3,"[""__main__""]",8,4,0,0,True,1,OK,
src/runtime/backtest_v2.py,2259,18,74,0,41,10,"[""__main__"", ""function:main"", ""function:run""]",18,10,0,0,True,16,OK,
src/runtime/baseline_capture.py,112,0,6,0,12,3,"[""__main__"", ""function:main""]",0,1,0,0,True,1,OK,
src/runtime/exit_model_band.py,102,0,4,0,8,1,[],4,1,0,0,False,1,OK,
src/runtime/live_engine_hook.py,748,2,18,0,22,11,[],1,0,0,0,True,4,OK,
src/runtime/unified_replay_harness.py,206,0,7,0,12,3,"[""__main__"", ""function:main""]",5,4,0,0,True,1,OK,
src/scanner/__init__.py,0,0,0,0,0,0,[],0,0,0,0,False,17,OK,
src/scanner/ranker.py,83,1,3,0,2,0,[],0,0,0,0,False,2,OK,
src/scanner/scanner.py,79,1,3,0,2,0,[],0,0,0,0,False,7,OK,
src/scanner/signal_pool.py,64,1,3,0,2,0,[],0,0,0,0,False,1,OK,
src/scanner/spine_adapter.py,87,1,2,0,3,0,[],0,0,0,0,False,0,OK,
src/scanner/universe.py,64,1,5,0,3,0,[],0,0,0,0,False,9,OK,
src/search/regime_weight_searcher.py,313,1,8,0,11,2,"[""function:run""]",7,1,0,0,False,0,OK,
src/strategies/__init__.py,36,0,0,0,13,0,[],0,0,0,0,False,17,OK,
src/strategies/base_strategy.py,141,1,15,0,8,1,[],2,0,0,0,True,0,OK,
src/strategies/intent_builder.py,135,1,3,0,5,0,[],0,0,0,0,False,0,OK,
src/strategies/s01_crt_wrapper.py,138,1,5,0,9,2,[],6,0,0,0,True,1,OK,
src/strategies/s02_mean_reversion.py,150,1,4,0,8,1,[],7,0,0,0,True,1,OK,
src/strategies/s03_breakout.py,157,1,4,0,8,1,[],6,0,0,0,True,1,OK,
src/strategies/s04_stat_arb.py,138,1,4,0,8,1,[],6,0,0,0,True,1,OK,
src/strategies/s05_grid.py,166,1,5,0,8,1,[],7,0,0,0,True,1,OK,
src/strategies/s06_scalping.py,155,1,5,0,9,1,[],9,0,0,0,True,1,OK,
src/strategies/s07_news_sentiment.py,156,1,4,0,8,1,[],7,0,0,0,True,1,OK,
src/strategies/s08_ml_ensemble.py,186,1,6,0,10,1,[],12,0,0,0,True,1,OK,
src/strategies/s09_pattern_recog.py,212,1,7,0,9,1,[],6,0,0,0,True,1,OK,
src/strategies/s10_trap_strategy.py,158,1,4,0,8,1,[],7,0,0,0,True,1,OK,
src/strategies/strategy_intent.py,113,2,6,0,5,0,[],0,0,0,0,False,0,OK,
src/strategies/strategy_orchestrator.py,312,2,13,0,24,1,[],4,1,0,0,True,1,OK,
src/strategies/strategy_result.py,163,1,7,0,6,0,[],0,1,0,0,True,1,OK,
src/training/evaluator.py,273,2,7,0,7,1,[],0,0,0,0,False,3,OK,
src/training/phase5_calibration.py,175,1,5,0,7,1,[],0,0,0,0,True,2,OK,
src/training/stage1_dataset_builder.py,847,3,31,0,17,1,"[""__main__"", ""function:main""]",1,7,0,0,True,1,OK,
src/training/trade_net_v2.py,331,1,12,0,13,3,[],0,0,0,0,False,1,OK,
src/training/train_pipeline.py,306,0,6,0,14,5,[],0,2,0,0,False,2,OK,
src/training/trainer.py,664,3,29,0,15,3,[],0,0,0,0,False,5,OK,
src/training/training_trigger.py,221,2,11,0,8,1,[],2,2,0,0,False,0,OK,
src/uat/__init__.py,0,0,0,0,0,0,[],0,0,0,0,False,17,OK,
src/uat/kill_switch.py,180,1,16,0,8,1,[],4,0,0,0,True,4,OK,
src/uat/monte_carlo.py,223,3,4,0,8,1,"[""function:run""]",5,0,0,0,True,1,OK,
src/uat/uat_runner.py,411,1,15,0,13,1,[],2,0,0,0,True,1,OK,
src/ui/__init__.py,0,0,0,0,0,0,[],0,0,0,0,False,17,OK,
src/utils/config_dumper.py,88,0,3,0,8,1,[],0,1,0,0,False,0,OK,
src/utils/console_safe.py,44,1,3,0,5,0,[],0,0,0,0,False,2,OK,
src/utils/engine_telemetry.py,226,3,13,0,8,0,[],0,2,0,0,False,0,OK,
src/utils/episode_summarizer.py,288,1,18,0,7,0,[],0,2,0,0,True,0,OK,
src/utils/integrity_events.py,84,1,1,0,7,0,[],0,1,0,0,False,1,OK,
src/utils/jsonl_writer.py,57,0,3,0,5,0,[],0,2,0,0,False,7,OK,
src/utils/llm_logger.py,502,9,23,0,9,0,"[""__main__""]",0,0,0,0,True,1,OK,
src/utils/log_identity.py,60,0,1,0,2,0,[],0,0,0,0,False,0,OK,
src/utils/log_index_writer.py,103,0,4,0,4,0,[],0,2,0,0,False,0,OK,
src/utils/logging_config.py,230,2,9,0,6,0,"[""__main__""]",2,0,0,0,True,0,OK,
src/utils/pattern_hasher.py,92,0,3,0,5,1,[],0,0,0,0,True,1,OK,
src/utils/registry_refresh.py,66,1,4,0,3,0,[],0,0,0,0,False,0,OK,
src/utils/sweep_trace_logger.py,286,1,11,0,7,0,[],0,2,0,0,True,0,OK,
src/utils/trade_logger.py,233,1,14,0,8,0,[],0,2,0,0,True,1,OK,
src/utils/zone_schema_migrator.py,236,1,7,0,8,0,"[""__main__""]",0,3,0,0,False,0,OK,
