trade_id,instrument,direction,entry_raw,entry_fill,sl,tp1,tp2,exit_fill,exit_reason,opened_at,closed_at,duration_candles,pnl_pips_raw,pnl_pips_net,pnl_rr_raw,pnl_rr_net,slippage_pips,spread_pips,capital_before,capital_after,position_size,risk_score,session,day_of_week,hour_of_day,htf_id,candle_idx,open,high,low,close,volume,volume_ratio,double_sweep,ema_fast,ema_slow,ema_spread,trend_bias,trend_strength,momentum_score,atr,volatility_ratio,rsi_14,macd_line,macd_signal,macd_hist,sweep_detected,liquidity_sweep,break_of_structure,swing_high,swing_low,higher_high,lower_low,body_size,wick_size,body_ratio,volatility_regime,disp_strength,retest_depth,candles_since_retest,live_atr,live_ema_fast,live_ema_slow,cached_retest_depth,cached_body_ratio,cached_disp_strength,cached_session,cached_double_sweep
CRT-0001,XAUUSD,SHORT,2416.19,2416.241423835472,2433.3604285714287,2399.0195714285715,2381.849142857143,2410.00579654355,RESET_CLOSE,2024-07-19T13:00:00,2024-07-19T14:00:00,1,610.0,623.6,0.3563,0.3643,34.64,48.2,100000.0,100364.25,58.41,0.5215,1.0,4,13.0,XAUUSD-HTF-000040,973,2416.18994140625,2416.3701171875,2410.75,2412.530029296875,7859.0,1.0200995206832886,0.0,2422.003662109375,2433.638916015625,-4066.91064453125,-1.0,-2.0083467960357666,-1279.29248046875,0.002860956359654665,0.8142398595809937,15.643341064453125,-11.681978225708008,-9.88663101196289,-0.10988404601812363,0.0,0.0,-1.0,0.0,0.0,0.0,1.0,3.6600000858306885,5.619999885559082,0.6512455344200134,0.0,0.5302700996398926,0.0,19.0,6.90214286,2413.081977,2415.90623743,0.236189,0.907044,1.881698,UNKNOWN,0
CRT-0002,XAUUSD,SHORT,2650.74,2650.3044839478,2660.8694285714287,2640.610571428571,2630.481142857142,2639.5095616226545,RESET_CLOSE,2024-10-08T15:00:00,2024-10-08T16:00:00,1,1104.0,1079.5,1.045,1.0218,77.3,52.79,100364.25,101389.74,95.0,0.4111,1.0,1,15.0,XAUUSD-HTF-000095,2284,2650.739990234375,2653.090087890625,2639.77001953125,2645.89990234375,12903.0,1.5299062728881836,1.0,2643.82861328125,2643.851318359375,-7.655699253082275,-1.0,-0.30611833930015564,-1631.951416015625,0.002965774619951844,1.6974329948425293,51.41252517700195,-0.7721654176712036,-1.789637565612793,1.998059868812561,1.0,1.0,0.0,1.0,0.0,1.0,0.0,4.840000152587891,13.319999694824219,0.3633633553981781,1.0,0.6167849898338318,0.0,3.0,7.84714286,2646.19689667,2645.38665372,0.370853,0.785482,2.894555,UNKNOWN,0
CRT-0003,XAUUSD,LONG,2613.83,2614.181050697698,2605.6422857142857,2622.017714285714,2630.2054285714285,2614.8299387500447,RESET_CLOSE,2024-12-31T10:00:00,2024-12-31T11:00:00,1,147.0,64.9,0.1722,0.076,29.81,52.31,101389.74,101466.79,118.74,0.6557,1.0,1,10.0,XAUUSD-HTF-000151,3629,2613.8701171875,2617.760009765625,2612.830078125,2616.590087890625,6107.0,0.9463961720466614,0.0,2609.810546875,2610.08251953125,-174.05613708496094,-1.0,-0.27789655327796936,1766.3353271484375,0.0015625571832060814,1.205800175666809,70.64386749267578,-1.4345626831054688,-2.9384241104125977,2.277278184890747,0.0,0.0,1.0,1.0,0.0,1.0,0.0,2.7200000286102295,4.929999828338623,0.5517241358757019,0.0,0.6652690172195435,0.0,2.0,4.08857143,2616.02616392,2613.18374576,0.518194,0.918885,3.891566,UNKNOWN,0
CRT-0004,XAUUSD,SHORT,2936.34,2936.1311748076946,2947.766857142857,2924.913142857143,2913.486285714286,2925.8376223745445,RESET_CLOSE,2025-02-19T16:00:00,2025-02-19T17:00:00,1,1064.0,1029.4,0.9144,0.8847,93.16,58.51,101466.79,102364.42,87.2,0.4519,2.0,2,16.0,XAUUSD-HTF-000184,4436,2936.31005859375,2940.60009765625,2930.260009765625,2938.139892578125,11969.0,2.2071216106414795,0.0,2936.70263671875,2932.902587890625,1443.5819091796875,1.0,0.3145487308502197,683.793212890625,0.0026323748752474785,1.3369042873382568,58.006595611572266,4.938885688781738,5.672662734985352,-1.6871917247772217,0.0,0.0,0.0,0.0,0.0,0.0,0.0,1.8300000429153442,10.34000015258789,0.1769825965166092,1.0,0.23660878837108612,0.0,48.0,7.73428571,2937.89242156,2937.52224062,0.878571,0.813953,1.625145,UNKNOWN,0
CRT-0005,XAUUSD,SHORT,3123.02,3122.5639443509276,3134.921,3111.119,3099.2180000000003,3128.253314572314,RESET_CLOSE,2025-04-02T04:00:00,2025-04-02T05:00:00,1,-554.0,-568.9,-0.4483,-0.4604,77.51,62.57,102364.42,101893.12,82.84,0.506,0.0,2,4.0,XAUUSD-HTF-000213,5114,3123.02001953125,3135.260009765625,3121.43994140625,3133.080078125,6964.0,0.9583112597465515,0.0,3121.13623046875,3122.03125,-295.0202941894531,-1.0,-2.5266940593719482,3316.021728515625,0.00303375581279397,1.4539716243743896,50.45785140991211,-0.29763391613960266,-0.01149150263518095,0.21042588353157043,0.0,0.0,1.0,0.0,0.0,1.0,0.0,10.0600004196167,13.819999694824219,0.7279305458068848,1.0,1.0583903789520264,0.0,31.0,9.505,3131.64245042,3126.17016533,0.379933,0.764706,2.148014,UNKNOWN,0
CRT-0006,XAUUSD,SHORT,3233.56,3233.408286867083,3267.0664285714283,3200.0535714285716,3166.547142857143,3239.3534436577725,GAP_RESET_CLOSE,2025-05-02T23:00:00,2025-05-05T01:00:00,1,-590.0,-594.5,-0.1753,-0.1766,69.31,64.79,101893.12,101713.14,30.27,0.4111,2.0,4,23.0,XAUUSD-HTF-000234,5616,3233.739990234375,3241.43994140625,3232.6201171875,3240.300048828125,2627.0,0.34910762310028076,0.0,3238.784912109375,3242.409423828125,-839.964599609375,-1.0,1.0071169137954712,1561.9652099609375,0.004315076861530542,0.6308045387268066,44.330360412597656,-2.9968390464782715,-0.9649350047111511,-0.6117304563522339,0.0,0.0,0.0,0.0,0.0,0.0,0.0,6.559999942779541,8.819999694824219,0.7437641620635986,2.0,0.46916982531547546,0.0,6.0,13.98214286,3239.34334146,3237.42121615,0.93738,0.920588,2.344828,UNKNOWN,0
CRT-0007,XAUUSD,SHORT,3314.59,3314.7967231684465,3332.567285714286,3296.6127142857144,3278.6354285714287,3287.595370851358,RESET_CLOSE,2025-05-22T15:00:00,2025-05-22T16:00:00,1,2681.0,2720.1,1.5087,1.5307,26.62,65.76,101713.14,103270.06,57.24,0.4795,1.0,3,15.0,XAUUSD-HTF-000247,5930,3314.22998046875,3314.56005859375,3300.9599609375,3304.1298828125,12611.0,1.6213575601577759,0.0,3312.72998046875,3314.625244140625,-469.5558166503906,-1.0,-0.9569120407104492,-2591.48828125,0.004036290571093559,1.0197632312774658,44.14118576049805,1.699099063873291,6.394407272338867,-1.6497958898544312,0.0,0.0,0.0,0.0,0.0,0.0,0.0,10.100000381469727,13.600000381469727,0.7426470518112183,2.0,0.7573241591453552,0.6448488235473633,0.0,13.33642857,3304.60610579,3306.88819518,0.795856,0.83469,1.533456,UNKNOWN,0
CRT-0008,XAUUSD,SHORT,3357.26,3356.488687137341,3387.452,3327.068,3296.876,3359.7829953188034,RESET_CLOSE,2025-06-05T23:00:00,2025-06-06T01:00:00,1,-185.0,-329.4,-0.0597,-0.1064,211.61,67.18,103270.06,103160.19,33.35,0.3712,2.0,3,23.0,XAUUSD-HTF-000256,6166,3356.739990234375,3357.719970703125,3351.9599609375,3352.60009765625,3245.0,0.3767167031764984,0.0,3360.0859375,3365.739013671875,-1382.3853759765625,-1.0,-0.9243842363357544,-1139.5416259765625,0.004089363384991884,0.42013129591941833,43.727264404296875,-3.843804121017456,-0.5225460529327393,-1.7768226861953735,0.0,0.0,0.0,0.0,0.0,0.0,0.0,4.139999866485596,5.760000228881836,0.71875,2.0,0.30196937918663025,0.0,17.0,13.71,3352.98639243,3354.8068985,0.187073,0.74336,2.439118,UNKNOWN,0
CRT-0009,XAUUSD,LONG,3312.37,3313.07115058274,3284.704142857143,3340.035857142857,3367.701714285714,3311.0623687465904,RESET_CLOSE,2025-07-09T18:00:00,2025-07-09T19:00:00,1,-48.0,-200.9,-0.0169,-0.0708,86.64,66.24,103160.19,103087.14,36.37,0.4118,2.0,2,18.0,XAUUSD-HTF-000279,6707,3312.3701171875,3312.929931640625,3306.39990234375,3309.7099609375,6586.0,1.2399393320083618,0.0,3300.07568359375,3300.48583984375,-138.8136444091797,-1.0,-0.2364814430475235,-900.2527465820312,0.0029547258745878935,0.6677379012107849,54.690643310546875,-2.683530569076538,-5.743540287017822,1.3644579648971558,0.0,0.0,1.0,0.0,0.0,1.0,0.0,2.6600000858306885,6.53000020980835,0.40735068917274475,1.0,0.27200350165367126,0.0,6.0,9.77928571,3309.47582877,3305.64399824,0.800454,0.80967,1.65301,UNKNOWN,0
CRT-0010,XAUUSD,LONG,3326.42,3327.3491304779727,3300.385142857143,3352.4548571428572,3378.4897142857144,3321.4942300341295,RESET_CLOSE,2025-07-29T12:00:00,2025-07-29T13:00:00,1,-420.0,-585.5,-0.1558,-0.2171,99.05,66.44,103087.14,102863.3,38.23,0.498,1.0,1,12.0,XAUUSD-HTF-000292,7023,3326.39990234375,3328.22998046875,3320.89990234375,3324.60009765625,6817.0,1.1824291944503784,0.0,3319.88623046875,3320.543701171875,-315.6754455566406,-1.0,0.12444031238555908,-873.8478393554688,0.00208274251781404,1.0585929155349731,62.15254592895508,-2.5733728408813477,-4.788689136505127,1.5113786458969116,0.0,0.0,0.0,0.0,0.0,0.0,0.0,1.7999999523162842,7.329999923706055,0.24556615948677063,0.0,0.2599546015262604,0.0,2.0,6.92428571,3324.46232786,3322.63524824,0.077947,0.911612,4.253818,UNKNOWN,0
CRT-0011,XAUUSD,SHORT,3828.44,3828.484851177038,3857.5307142857146,3799.3492857142855,3770.258571428571,3844.4102660624685,RESET_CLOSE,2025-10-02T19:00:00,2025-10-02T20:00:00,1,-1592.0,-1592.5,-0.5481,-0.5483,77.43,76.89,102863.3,102299.31,35.41,0.445,2.0,3,19.0,XAUUSD-HTF-000337,8109,3828.43994140625,3845.3798828125,3827.330078125,3845.010009765625,11224.0,1.4591310024261475,0.0,3857.886962890625,3863.565185546875,-1464.9390869140625,-1.0,-1.0479198694229126,4274.93603515625,0.0038760812021791935,1.2111191749572754,40.106903076171875,-3.219308376312256,1.0766304731369019,-1.8078745603561401,0.0,0.0,0.0,0.0,0.0,0.0,0.0,16.56999969482422,18.049999237060547,0.9180055260658264,2.0,1.111814022064209,0.0,8.0,14.90357143,3844.06753474,3848.76266565,0.162965,0.896895,2.401688,UNKNOWN,0
CRT-0012,XAUUSD,LONG,4226.63,4227.213295852563,4160.478285714285,4292.781714285715,4358.933428571429,4221.484663271098,RESET_CLOSE,2025-12-03T05:00:00,2025-12-03T06:00:00,1,-429.0,-572.9,-0.0643,-0.0858,59.42,84.45,102299.31,102211.5,15.33,0.3998,0.0,2,5.0,XAUUSD-HTF-000379,9103,4226.6298828125,4227.47998046875,4220.18994140625,4221.1201171875,7987.0,0.8132821321487427,0.0,4212.78515625,4210.46533203125,613.6047973632812,1.0,-0.6203832626342773,-1457.421875,0.0037806485779583454,0.45680782198905945,54.449363708496094,0.10579638183116913,-3.5998902320861816,1.549731731414795,0.0,0.0,0.0,0.0,0.0,0.0,0.0,5.510000228881836,7.289999961853027,0.755829930305481,2.0,0.34526899456977844,0.0,24.0,15.95857143,4221.24578793,4218.58501978,0.158778,0.882227,3.49221,UNKNOWN,0
CRT-0013,XAUUSD,SHORT,4594.24,4593.178695757131,4741.338857142857,4447.141142857143,4300.042285714286,4643.142578661019,RESET_CLOSE,2026-04-02T09:00:00,2026-04-02T10:00:00,1,-4845.0,-4996.4,-0.327,-0.3372,244.24,92.85,102211.5,101866.81,6.9,0.4701,1.0,3,9.0,XAUUSD-HTF-000459,11032,4594.240234375,4608.6298828125,4554.2001953125,4599.27978515625,13851.0,1.2353507280349731,0.0,4673.99755859375,4701.40283203125,-3067.203125,-1.0,-2.033766746520996,564.0776977539062,0.00893493928015232,1.3245149850845337,16.346187591552734,-12.69085693359375,11.234801292419434,-3.351728916168213,0.0,0.0,-1.0,0.0,1.0,0.0,1.0,5.039999961853027,54.43000030517578,0.09259599447250366,2.0,0.12264478206634521,0.0,6.0,41.09428571,4601.76583671,4627.94236399,1.943881,0.920342,1.280195,UNKNOWN,0
