timestamp,range,bar_dir,next_dir,open,high,low,close,volume,volume_ratio,double_sweep,ema_fast,ema_slow,ema_spread,trend_bias,trend_strength,momentum_score,atr,volatility_ratio,rsi_14,macd_line,macd_signal,macd_hist,sweep_detected,liquidity_sweep,break_of_structure,swing_high,swing_low,higher_high,lower_low,body_size,wick_size,body_ratio,volatility_regime,session,hour_of_day,disp_strength,retest_depth,candles_since_retest
2025-07-21 01:00:00,LONG,-1,1.0,3349.28,3350.5,3345.02,3347.84,2835,0.5495517324933366,0,3350.4812,3348.2373,1360.027,1.0,0.7088672678425647,-1381.9093,0.0016498911,0.9921117,46.7628106580342,3.017027998587764,3.8114081431505613,-0.8551340139219661,0,0,-1,0,1,0,1,1.4400000000000546,5.480000000000018,0.26277372,0,0,1,0.26070088,0.0,2
2025-07-21 02:00:00,LONG,1,1.0,3347.82,3349.54,3345.48,3349.18,2053,0.4100259636508888,0,3350.221,3348.323,1151.1063,1.0,0.6038219540911303,812.7101,0.0016488044,0.73522186,52.53485422257636,2.712463293709334,3.591619173262316,-0.8802637112284694,0,0,0,0,0,0,0,1.3599999999996726,4.059999999999945,0.33497536,0,0,2,0.2462812,0.0,3
2025-07-21 03:00:00,LONG,1,1.0,3349.18,3354.53,3347.71,3352.3,3331,0.6657805582483036,0,3350.6367,3348.6846,1195.2853,1.0,0.6048481055717498,1910.3518,0.0016332071,1.2456621,49.76525819259868,2.691821849218286,3.4116597084535103,-0.7336123542891592,0,0,0,0,0,0,0,3.1200000000003456,6.820000000000164,0.45747802,0,0,3,0.569863,0.0,4
2025-07-21 04:00:00,LONG,1,-1.0,3352.3,3358.61,3351.93,3356.5,4827,0.9469254838108503,0,3351.8093,3349.395,1446.5216,1.0,0.6210786462150534,2516.412,0.001669043,1.1924009,57.627118619649686,2.9800164798962214,3.3253310627420527,-0.43459170641448114,0,0,0,1,0,0,0,4.199999999999818,6.680000000000291,0.6287425,0,0,4,0.7497131,0.0,5
2025-07-21 05:00:00,LONG,-1,-1.0,3356.5,3357.45,3352.38,3354.21,3452,0.6823213156230234,0,3352.2896,3349.8328,1505.1288,1.0,0.6702129249755918,-1402.9481,0.001632277,0.9260274,49.61336218080459,2.9891716295169317,3.2580991760970286,-0.35300175001589035,0,0,0,0,0,0,0,2.2899999999999636,5.069999999999709,0.45167652,0,0,5,0.41826484,0.0,6
2025-07-21 06:00:00,LONG,-1,1.0,3354.21,3356.96,3351.18,3351.35,2683,0.5508505024996664,0,3352.1016,3349.9707,1324.7327,1.0,0.6428087069175356,-1778.0316,0.0016085203,1.0722141,35.369557863814066,2.734131685435841,3.1533056779647914,-0.44086214947933766,0,0,0,0,0,0,0,2.8600000000001273,5.7800000000002,0.4948097,0,0,6,0.5305419,0.0,7
2025-07-21 07:00:00,LONG,1,1.0,3351.35,3358.71,3350.69,3357.79,2531,0.5369398037655794,0,3353.2393,3350.6814,1594.9418,1.0,0.6112568394002383,4015.6301,0.0016037334,1.4893222,53.45971561616334,3.016888063316401,3.1260221550351135,-0.1978477372440786,1,1,0,0,1,1,0,6.440000000000055,8.019999999999982,0.8029925,0,0,7,1.1959146,0.0,8
2025-07-21 08:00:00,LONG,1,1.0,3357.79,3369.69,3357.61,3366.66,6077,1.268287592611917,0,3355.9233,3352.134,2245.44,1.0,0.7097773683356206,5256.1206,0.0016875564,2.1262257,65.04413616871088,3.9116186948376708,3.283141462995625,0.3501178709099544,0,0,1,0,0,1,0,8.86999999999989,12.079999999999927,0.7342715,0,1,8,1.5612271,0.0,9
2025-07-21 09:00:00,LONG,1,-1.0,3366.66,3370.72,3365.37,3368.34,5934,1.2226228494900586,0,3358.4067,3353.6074,2797.5305,1.0,0.7783282472114741,979.27515,0.0017155546,0.9258344,68.18068997382684,4.702058720162313,3.566924914428963,0.7085153501672327,0,0,1,1,0,1,0,1.680000000000291,5.349999999999909,0.3140187,0,1,9,0.2907293,0.0,10
2025-07-21 10:00:00,LONG,-1,1.0,3368.34,3370.45,3363.98,3364.77,5126,1.0483903955495562,0,3359.6794,3354.622,2937.5654,1.0,0.8032503551913436,-2073.6277,0.0017216206,1.1168927,62.659671512836766,4.982978298748094,3.8501355912927897,0.6840637825499558,0,0,0,0,0,0,0,3.5700000000001637,6.4699999999998,0.5517774,0,1,10,0.6162762,0.0,11
2025-07-21 11:00:00,LONG,1,1.0,3364.77,3366.79,3363.1,3365.98,4635,0.9511106551069615,0,3360.9395,3355.6548,3050.7559,1.0,0.8075702480217972,698.51404,0.0017322487,0.63285553,65.70446733287847,5.242810124719654,4.128670497978162,0.647557534480037,0,0,0,0,0,0,0,1.2100000000000364,3.6900000000000546,0.32791328,0,1,11,0.20752174,0.0,12
2025-07-21 12:00:00,LONG,1,1.0,3365.98,3366.47,3362.81,3366.16,3654,0.7770995937985155,0,3361.9836,3356.6096,3082.4917,1.0,0.7539177981519946,103.24638,0.0017434024,0.62366116,67.19441208519879,5.40099391857575,4.38313518209768,0.5536216542032913,0,0,0,0,1,0,0,0.1799999999998363,3.6599999999998545,0.04918033,0,1,12,0.03067186,0.0,13
2025-07-21 13:00:00,LONG,1,1.0,3366.16,3368.14,3362.89,3366.18,3626,0.8233143739427586,0,3362.823,3357.4797,3057.794,1.0,0.6842339158067527,11.44542,0.0017474238,0.8925319,72.41725172984326,5.464972743749058,4.599502694427956,0.4172210277682133,0,0,0,0,0,0,0,0.01999999999998181,5.25,0.0038095238,0,1,13,0.0034001213,0.0,14
2025-07-21 14:00:00,LONG,1,1.0,3366.18,3375.72,3365.34,3375.45,5778,1.3723813595553656,0,3365.3484,3359.1133,3318.4832,1.0,0.6776066484126994,4933.73,0.0018789029,1.6366708,76.75892666227284,6.192306891748103,4.918063533891986,0.6896905493378191,0,0,1,0,0,1,0,9.269999999999982,10.379999999999654,0.8930636,0,1,14,1.4616511,0.0,15
2025-07-21 15:00:00,LONG,1,1.0,3375.35,3388.65,3374.58,3387.22,9134,2.1154291537356986,0,3369.7227,3361.6685,3922.1484,1.0,0.7550872253370122,5731.63,0.0020535171,2.0227973,84.65329107382667,7.630505362212261,5.460551899556041,1.3261984871704833,0,0,1,0,0,1,0,11.86999999999989,14.070000000000164,0.84363896,0,1,15,1.7065105,0.0,16
2025-07-21 16:00:00,LONG,1,1.0,3387.22,3395.24,3383.6,3388.54,10860,2.3923866590298277,0,3373.486,3364.1113,4237.1787,1.0,0.9227417039807063,596.6103,0.0022124995,1.5525914,84.64788730307947,8.77564085488666,6.123569690622165,1.650106599255868,0,0,1,0,0,1,0,1.3200000000001637,11.639999999999873,0.11340206,1,2,16,0.17606707,0.0,17
2025-07-21 17:00:00,LONG,1,-1.0,3388.72,3401.53,3386.25,3400.4,12315,2.497768943696252,0,3378.869,3367.4104,4809.4565,1.0,1.1899155196398055,4977.979,0.0023824929,1.8860871,86.69514798270137,10.518916345103207,7.002639021518373,2.2311863627281245,0,0,1,1,0,1,0,11.680000000000291,15.2800000000002,0.7643979,1,2,17,1.441721,0.0,18
2025-07-21 18:00:00,LONG,-1,-1.0,3400.38,3400.92,3395.6,3397.98,9453,1.8130208383279471,0,3382.6912,3370.1895,5307.2266,1.0,1.3433288171960711,-1027.3386,0.0023556012,0.66464394,82.52823084762522,11.571808352023709,7.91647288761944,2.248534441445507,0,0,0,0,0,0,0,2.400000000000091,5.320000000000164,0.45112783,1,2,18,0.29983938,0.0,19
2025-07-21 19:00:00,LONG,-1,-1.0,3397.98,3399.08,3393.87,3395.69,6350,1.1923427187291693,0,3385.291,3372.5076,5416.406,1.0,1.5138783665992879,-970.2836,0.0023601346,0.65008914,82.52823084762522,12.082173219530887,8.74961295400173,1.9890466152670874,0,0,0,0,0,0,0,2.2899999999999636,5.210000000000036,0.43953934,1,2,19,0.28573975,0.0,20
2025-07-21 20:00:00,LONG,-1,1.0,3395.69,3395.83,3391.54,3393.34,5115,0.9319571099308548,0,3386.9006,3374.4016,5363.455,1.0,1.662842306743629,-1008.4083,0.0023304052,0.5424984,83.19367587091361,12.156878762797078,9.4310661157608,1.5064398483011334,0,0,0,0,1,0,0,2.349999999999909,4.289999999999964,0.5477855,1,2,20,0.29717278,0.0,21
2025-07-21 21:00:00,LONG,1,1.0,3393.34,3395.88,3393.18,3395.42,4574,0.8203895684614557,0,3388.6045,3376.3123,5544.381,1.0,1.8466998198062698,938.1785,0.002217062,0.35866782,81.94939716170323,12.242794743842751,9.99341184137719,1.0618940849452825,0,0,0,0,0,0,0,2.0799999999999272,2.700000000000273,0.77037036,1,2,21,0.27630708,0.0,22
2025-07-21 22:00:00,LONG,1,-1.0,3395.42,3399.79,3395.16,3398.91,6039,1.0457686113564342,0,3390.6658,3378.3667,5975.5786,1.0,2.065298120544415,1695.6376,0.002058223,0.66183376,80.13455426795197,12.448993364389935,10.48452814597974,0.7702634104904131,0,0,0,0,0,0,0,3.4899999999997817,4.630000000000109,0.7537797,0,2,22,0.49887687,0.0,23
2025-07-21 23:00:00,LONG,-1,1.0,3398.89,3399.39,3396.71,3396.93,2417,0.4218886367603421,0,3391.9185,3380.0542,5922.4175,1.0,2.195967498635867,-988.3793,0.0020032795,0.39382806,76.56569408898098,12.310727401976692,10.84976799717913,0.2925768656079912,0,0,0,0,0,0,0,1.9600000000000364,2.6799999999998363,0.73134327,0,2,23,0.2880235,0.0,24
2025-07-22 01:00:00,LONG,1,-1.0,3397.32,3400.89,3397.16,3399.39,1677,0.3009961410751144,0,3393.4128,3381.812,5951.9233,1.0,2.23473546050204,1262.1279,0.0019490892,0.5629582,82.84629978823818,12.258345495220055,11.131483496787316,-0.016859942109201335,0,0,0,0,0,0,0,2.069999999999709,3.730000000000018,0.5549598,0,0,1,0.31241915,0.0,25
2025-07-22 02:00:00,LONG,-1,-1.0,3399.39,3402.58,3393.34,3396.63,2517,0.4555862256210688,0,3394.0562,3383.1592,5270.896,1.0,2.1879057292810487,-1335.0197,0.0020673852,1.3158376,78.24884790607436,11.857438354652913,11.276674468360437,-0.5038625198835734,1,1,0,1,0,1,0,2.7599999999997635,9.239999999999782,0.2987013,0,0,2,0.39304242,0.0,26
2025-07-22 03:00:00,LONG,-1,-1.0,3396.63,3397.62,3390.62,3394.37,4215,0.7524971658618012,1,3394.119,3384.1782,4647.2456,1.0,2.144866273136535,-1056.5457,0.0021390463,0.96409243,75.03994317325483,11.22792491569453,11.266924557827256,-1.0326764941457842,1,-1,0,0,0,0,1,2.2600000000002183,7.0,0.32285714,1,0,3,0.31126413,0.034583855,0
2025-07-22 04:00:00,LONG,-1,1.0,3394.37,3395.86,3385.14,3386.02,6104,1.0560553633217993,1,3392.4993,3384.3457,3608.2324,1.0,1.9358215743910383,-3695.1619,0.0022597115,1.4010456,65.34178779902913,9.940665954508404,11.001672837163486,-1.8467803884978768,0,0,-1,0,1,0,1,8.349999999999909,10.720000000000255,0.7789179,1,0,4,1.0912995,0.846805,0
2025-07-22 05:00:00,LONG,1,1.0,3386.02,3392.03,3385.36,3391.62,4624,0.8101833600532646,1,3392.3232,3385.007,3359.3557,1.0,1.7315219869312963,2571.347,0.0021778469,0.9030074,63.25627150540119,9.265569435578982,10.654452156846586,-1.9991385981348089,0,0,0,0,0,0,0,5.599999999999909,6.670000000000073,0.83958024,1,0,5,0.7581471,0.0,1
2025-07-22 06:00:00,LONG,1,-1.0,3391.61,3393.71,3388.86,3392.68,3387,0.6069892473118279,1,3392.3948,3385.7046,3373.683,1.0,1.5223843859138508,534.5299,0.001983051,0.7208833,55.42959425664258,8.715615531169078,10.266684831711085,-2.000113800601073,0,0,0,0,0,0,0,1.069999999999709,4.849999999999909,0.22061856,0,0,6,0.15904023,0.0,2
2025-07-22 07:00:00,LONG,-1,-1.0,3392.68,3392.68,3388.1,3391.08,2668,0.48890436312327057,0,3392.1318,3386.193,3235.8716,1.0,1.3585979513981647,-871.803,0.0018352771,0.73591185,52.51186707406711,8.05778138348387,9.824904142065643,-2.0335530299363684,0,0,0,0,0,0,0,1.599999999999909,4.579999999999927,0.34934497,0,0,7,0.2570871,0.0,3
2025-07-22 08:00:00,LONG,-1,-1.0,3391.08,3391.9,3384.75,3385.57,4732,0.8663572533618946,0,3390.8193,3386.1365,2809.597,1.0,1.1180181975697325,-3305.8591,0.0016667377,1.2670885,33.227776510626555,7.011013531212484,9.262126019895012,-2.2320117274625573,1,-1,0,0,0,0,1,5.5099999999997635,7.150000000000091,0.77062935,0,1,8,0.9764557,0.0,4
2025-07-22 09:00:00,LONG,-1,1.0,3385.57,3387.98,3384.48,3384.8,5361,0.9664160943161537,0,3389.6155,3386.0151,2210.5483,1.0,0.8530180594249884,-472.76685,0.0016287098,0.6348795,34.51597743225493,6.049574176513488,8.619615651218709,-2.280812242879875,0,0,-1,0,0,0,1,0.7699999999999818,3.5,0.22,0,1,9,0.13967349,0.87349963,0
2025-07-22 10:00:00,LONG,1,1.0,3384.8,3387.56,3383.37,3387.56,4357,0.7802860033847614,0,3389.2043,3386.1555,1898.5457,1.0,0.6424094154201536,1718.6886,0.0016058756,0.77022064,40.55310247344271,5.447539648740076,7.985200450722983,-2.110743206105378,1,-1,0,0,1,0,1,2.7599999999997635,4.190000000000055,0.6587112,0,1,10,0.50735295,0.0,1
2025-07-22 11:00:00,LONG,1,-1.0,3387.56,3390.12,3386.18,3388.98,5147,0.9270032238891991,0,3389.1594,3386.4124,1719.2551,1.0,0.37306396535030556,888.7076,0.0015978259,0.7276085,44.821852716686045,5.027056304772486,7.393571621532884,-1.8871352168715265,0,0,0,0,0,0,0,1.4200000000000728,3.9400000000000546,0.3604061,0,1,11,0.26223454,0.033134595,0
2025-07-22 12:00:00,LONG,-1,1.0,3388.98,3390.65,3384.7,3386.2,4991,0.933743674171913,0,3388.5676,3386.393,1303.9331,1.0,-0.029147786287008537,-1666.9733,0.0016676933,1.0536301,39.22897194978444,4.418563014714891,6.798569900169286,-1.8022781792405393,0,0,0,0,0,0,0,2.7800000000002,5.950000000000273,0.4672269,0,1,12,0.49228433,0.0,1
2025-07-22 13:00:00,LONG,1,1.0,3386.2,3388.7,3385.94,3387.14,3511,0.7053458424573599,0,3388.282,3386.461,1118.7185,1.0,-0.4562745567474593,577.46814,0.0016277955,0.500583,35.378881975271796,3.966455018063698,6.232146923748169,-1.650119732680593,0,0,0,0,0,0,0,0.9400000000000546,2.7599999999997635,0.34057972,0,1,13,0.1704884,0.0,2
2025-07-22 14:00:00,LONG,1,1.0,3387.06,3391.68,3386.76,3391.38,4755,1.0337630715046633,0,3388.9016,3386.9082,1191.5608,1.0,-0.8236877383044672,2534.4622,0.0016729388,0.8671787,43.47212419175258,3.905271202817403,5.766771779562016,-1.34849586531024,0,0,0,0,0,0,0,4.320000000000164,4.919999999999618,0.8780488,0,1,14,0.7614252,0.0,3
2025-07-22 15:00:00,LONG,1,1.0,3391.38,3407.9,3391.17,3407.63,8519,1.8710740171315616,0,3392.6475,3388.792,1994.9257,1.0,-0.9851244985969851,8408.197,0.0019326378,2.540347,57.31793959498335,5.109126946395918,5.635242812928797,-0.5420168432296657,0,0,1,0,0,1,0,16.25,16.730000000000018,0.971309,0,1,15,2.467462,0.0,4
2025-07-22 16:00:00,LONG,1,1.0,3407.66,3420.22,3406.54,3412.36,12839,2.6323181170488676,0,3396.5898,3390.9343,2795.7498,1.0,-1.0578315035025216,2338.2292,0.0020228983,1.981788,63.497511568749545,6.37141703670477,5.782477657683992,0.12677369315914078,0,0,1,0,0,1,0,4.700000000000273,13.679999999999836,0.34356725,0,2,16,0.68087745,0.0,5
2025-07-22 17:00:00,LONG,1,1.0,3412.46,3427.8,3405.14,3426.42,13468,2.543483598043474,0,3402.556,3394.1604,3586.2112,1.0,-0.9869366587185314,6005.846,0.0023410523,2.8249333,72.86998714114223,8.409377454619971,6.307857617071188,1.0129426055211705,0,0,1,0,0,1,0,13.960000000000036,22.66000000000031,0.61606354,1,2,17,1.7403384,0.0,6
2025-07-22 18:00:00,LONG,1,1.0,3426.38,3430.61,3423.7,3426.52,9505,1.7151931284003863,0,3407.3486,3397.1023,4530.6475,1.0,-0.8695178002671882,44.217236,0.0022615616,0.8916951,82.75638949921418,9.918213936409757,7.029928880938902,1.4443871860057576,0,0,1,0,0,1,0,0.13999999999987267,6.910000000000309,0.020260492,1,2,18,0.01806618,0.0,7
2025-07-22 19:00:00,LONG,1,-1.0,3426.53,3432.86,3426.31,3432.25,7486,1.3334520840755255,0,3412.3289,3400.2974,5334.791,1.0,-0.7224499743736348,2540.6948,0.0022552887,0.84617513,82.79257463827143,11.4444167191632,7.912826448583763,1.763825880642174,0,0,1,0,0,1,0,5.7199999999998,6.550000000000182,0.87328243,1,2,19,0.7389499,0.0,8
2025-07-22 20:00:00,LONG,-1,1.0,3432.26,3433.5,3426.56,3429.39,7945,1.3488048349857396,0,3415.7412,3402.9421,5563.119,1.0,-0.6090020723955778,-1243.0996,0.0023007006,0.87959445,78.79215684544175,12.281590788623362,8.786579316591682,1.6879883260457684,0,0,1,1,0,1,0,2.8700000000003456,6.940000000000055,0.41354465,1,2,20,0.3637516,0.0,9
2025-07-22 21:00:00,LONG,1,1.0,3429.39,3431.06,3427.88,3429.74,5740,0.9419796342033789,0,3418.541,3405.3784,5795.1587,1.0,-0.4469612056961704,154.09615,0.0022713093,0.40821564,80.927999981872,12.825455477931428,9.594354548859632,1.4951157466990443,0,0,0,0,0,0,0,0.34999999999990905,3.1799999999998363,0.11006289,1,2,21,0.044929396,0.0,10
2025-07-22 22:00:00,LONG,1,-1.0,3429.74,3432.57,3429.07,3431.68,5764,0.9213702265061782,0,3421.1687,3407.7695,6107.042,1.0,-0.1156513293000429,884.2086,0.0021940523,0.46485156,89.12268791366459,13.260159089464196,10.327515456980546,1.2937294828186268,0,0,0,0,0,0,0,1.9400000000000546,3.5,0.5542857,1,2,22,0.25766057,0.0,11
2025-07-22 23:00:00,LONG,-1,-1.0,3431.6,3432.76,3427.63,3431.52,3886,0.6228113054836565,0,3423.239,3409.9285,5973.9883,1.0,0.23056762733844455,-71.810585,0.0022280838,0.6709641,90.05486966288092,13.436862385229688,10.949384842630376,1.0271672981844524,0,0,0,0,0,0,0,0.07999999999992724,5.130000000000109,0.015594542,1,2,23,0.010463378,0.0,12
2025-07-23 01:00:00,LONG,-1,-1.0,3432.2,3432.97,3427.58,3427.97,1917,0.31790517570189547,0,3424.1853,3411.5686,5594.0073,1.0,0.6752793453229483,-1574.0033,0.0022553955,0.6971545,84.18203347693157,13.13898761826249,11.3873053977568,0.621092328518337,0,0,0,0,0,0,0,4.230000000000018,5.389999999999873,0.78478664,1,0,1,0.54711753,0.0,13
2025-07-23 02:00:00,LONG,-1,1.0,3427.97,3433.28,3426.39,3427.51,3760,0.6280378827105848,0,3424.85,3413.0178,5106.335,1.0,0.8830023329164534,-198.51753,0.0023171757,0.867524,83.12983660939277,12.719182742510384,11.653680866707516,0.24870771928129565,0,0,0,0,0,0,0,0.45999999999958163,6.890000000000327,0.06676342,1,0,2,0.057918876,0.0,14
2025-07-23 03:00:00,LONG,1,-1.0,3427.51,3438.82,3427.17,3428.76,6464,1.0526401498188331,0,3425.632,3414.449,4592.5107,1.0,1.0173738270883537,513.33136,0.0024350744,1.3953289,87.58389259579388,12.345042936807204,11.791953280727455,-0.031390978540943304,1,1,0,1,0,1,0,1.25,11.650000000000091,0.10729614,1,0,3,0.14971341,0.0,15
2025-07-23 04:00:00,SELL,-1,1.0,3428.76,3430.74,3421.03,3421.16,8330,1.2967301540353526,0,3424.7378,3415.059,3743.329,1.0,0.9522673941006832,-2939.3687,0.0025855892,1.0977067,76.88053095644226,11.304961403143807,11.694554905210726,-0.5326673944417811,0,0,0,0,0,0,0,7.600000000000364,9.709999999999582,0.7826983,1,0,4,0.8591731,0.40446627,0
2025-07-23 05:00:00,SELL,1,-1.0,3421.15,3424.94,3419.34,3423.15,6274,0.9650897176566502,0,3424.4202,3415.7947,3319.6978,1.0,0.970293891164357,765.8927,0.0025982752,0.62961775,76.02818284344747,10.519997678442905,11.459643459857162,-0.8218363740762836,0,0,0,0,1,0,0,2.0,5.599999999999909,0.35714287,1,0,5,0.22486347,0.0,1
2025-07-23 06:00:00,SELL,-1,1.0,3423.13,3428.65,3422.89,3423.02,5708,0.8756884463740545,0,3424.1401,3416.4514,3244.923,1.0,0.9738694698878552,-54.864784,0.0023694616,0.7101717,67.13426851614582,9.774741225433445,11.122663012972419,-1.0283961256202476,0,0,0,0,0,0,0,0.11000000000012733,5.760000000000218,0.019097222,1,0,6,0.013562307,0.0,2
2025-07-23 07:00:00,SELL,1,-1.0,3423.02,3425.3,3422.03,3423.64,4208,0.6463057818871576,0,3424.04,3417.105,3222.843,1.0,0.9666503930846058,288.12485,0.002151845,0.4438627,63.8235293898641,9.12891646908156,10.72391370419425,-1.1395771148503033,0,0,0,0,0,0,0,0.6199999999998909,3.269999999999982,0.18960245,1,0,7,0.08415746,0.0,3
2025-07-23 08:00:00,SELL,-1,1.0,3423.64,3423.78,3416.44,3420.44,6423,0.9769341333759212,0,3423.32,3417.4082,3223.5996,1.0,0.9382684618841622,-1744.884,0.0018339328,1.1701207,40.01336003472988,8.263624520725898,10.23185586750058,-1.297607447086743,1,-1,0,0,1,0,1,3.199999999999818,7.3400000000001455,0.4359673,0,1,8,0.51013434,0.0,4
2025-07-23 09:00:00,SELL,1,-1.0,3420.44,3425.19,3419.55,3425.14,6977,1.045407891878123,0,3423.684,3418.111,3087.651,1.0,0.9348551494884506,2603.977,0.0018049314,0.912305,48.0023161357256,7.866445649270645,9.758773823854593,-1.2245599677490426,0,0,0,0,0,0,0,4.699999999999818,5.639999999999873,0.8333333,0,1,9,0.7602542,0.23550378,0
2025-07-23 10:00:00,SELL,-1,1.0,3425.09,3429.69,3420.02,3420.7,6431,0.942968790093769,0,3423.0872,3418.3464,2531.864,1.0,0.8669275563587243,-2371.258,0.0018724238,1.509758,32.63157893362853,7.1114314833239405,9.229305355748464,-1.3013703789815667,0,0,0,0,0,0,0,4.390000000000327,9.670000000000073,0.4539814,0,1,10,0.68540204,0.0,1
2025-07-23 11:00:00,SELL,1,1.0,3420.7,3428.78,3420.58,3428.49,5671,0.8259840512689801,0,3424.1677,3419.2686,2586.1055,1.0,0.7897057910894217,4112.0767,0.00189442,1.2625096,48.82137242840482,7.060278715321601,8.795500027663092,-1.0814733252477444,0,0,0,0,0,0,0,7.789999999999964,8.200000000000273,0.95,0,1,11,1.1993841,0.0,2
2025-07-23 12:00:00,SELL,1,-1.0,3428.49,3433.85,3428.36,3431.17,5055,0.7553174798843489,0,3425.5684,3420.3506,2688.1482,1.0,0.6464876869859779,1380.711,0.0019410289,0.8243243,51.76499627932127,7.153531917424516,8.467106405615377,-0.8476007369367651,0,0,0,1,0,0,0,2.680000000000291,5.489999999999782,0.48816028,0,1,12,0.4024024,0.0,3
2025-07-23 13:00:00,SELL,-1,1.0,3431.18,3431.41,3421.15,3422.81,5754,0.9078143981824779,0,3425.0166,3420.5742,2128.7605,1.0,0.38308362606838725,-4006.057,0.00208684,1.4363999,40.54975494209059,6.478177224856154,8.069320569463533,-0.9492013893585491,0,0,0,0,0,0,0,8.36999999999989,10.259999999999764,0.81578946,1,1,13,1.1718,0.0,4
2025-07-23 14:00:00,SELL,1,-1.0,3422.76,3429.79,3420.46,3428.23,5935,0.9955297610560835,0,3425.6592,3421.27,2021.6766,1.0,0.09326910554501022,2496.4883,0.0021710496,1.2535509,46.84805517041829,6.307592468857365,7.7169749493423,-0.8312402911903543,0,0,0,0,0,0,0,5.4699999999998,9.329999999999927,0.5862808,1,1,14,0.7349328,0.0,5
2025-07-23 15:00:00,SELL,-1,-1.0,3428.23,3429.89,3419.97,3420.03,7990,1.3574814386924685,0,3424.5334,3421.1575,1486.6473,1.0,-0.3495647020839484,-3610.9578,0.0022708657,1.2772924,43.01548204429635,5.447930993714181,7.263166158216677,-0.9904943553418347,0,0,0,0,0,0,0,8.199999999999818,9.920000000000073,0.8266129,1,1,15,1.0558263,0.0,6
2025-07-23 16:00:00,SELL,-1,1.0,3420.03,3420.56,3405.7,3413.47,12628,2.05567312388084,0,3422.3208,3420.4585,762.6127,1.0,-0.9183068138585434,-2686.3162,0.002442006,1.7826906,38.84652048706925,4.189017518958281,6.648336430364998,-1.2470349694308975,0,0,-1,0,0,0,1,6.5600000000004,14.860000000000127,0.44145358,1,2,16,0.78697515,0.0,7
2025-07-23 17:00:00,SELL,1,-1.0,3413.47,3419.91,3410.75,3413.54,10212,1.632261622191853,0,3420.5647,3419.8296,307.5953,1.0,-1.4259879461493175,29.290512,0.0023898524,1.122844,37.678108799749154,3.1605352521960413,5.950776194731207,-1.3442503139401731,0,0,-1,0,0,0,1,0.07000000000016371,9.159999999999854,0.0076419213,1,2,17,0.008580685,0.0,8
2025-07-23 18:00:00,SELL,-1,-1.0,3413.54,3415.9,3398.29,3398.29,8491,1.3279844852124683,0,3416.1096,3417.8713,-686.39453,-1.0,-1.9856072638512108,-5941.6504,0.002566627,2.0189993,33.52542860583003,1.1022025901775123,4.981061473820468,-1.748405178044114,0,0,-1,0,0,0,1,15.25,17.610000000000127,0.8659852,1,2,18,1.7484236,0.0,9
2025-07-23 19:00:00,SELL,-1,1.0,3398.2,3398.2,3381.63,3387.51,13808,2.0317535056870852,0,3410.3896,3415.1113,-1681.5072,-1.0,-2.5935058693849244,-3839.0254,0.0028080044,1.7419839,27.212276209962155,-1.3829549380720891,3.7082581914419563,-2.1410245476593457,0,0,-1,0,1,0,1,10.6899999999996,16.56999999999971,0.64514184,1,2,19,1.1238266,0.0,10
2025-07-23 20:00:00,SELL,1,1.0,3387.45,3394.82,3385.7,3393.29,8447,1.2025654349636612,0,3406.9697,3413.1274,-2142.597,-1.0,-2.923204681550889,2011.1698,0.0028739492,0.93517905,32.27191412699095,-2.8531728882612697,2.395971975501311,-2.0745295271882966,0,0,0,0,0,0,0,5.8400000000001455,9.120000000000346,0.6403509,1,2,20,0.59884274,0.0,11
2025-07-23 21:00:00,SELL,1,-1.0,3393.29,3395.98,3392.11,3393.65,5102,0.7102486287830275,0,3404.306,3411.357,-2442.9517,-1.0,-3.095702780894914,124.728325,0.002886273,0.39509952,32.06125134048517,-3.9438203091985997,1.128013518561329,-1.9053171412367682,0,0,0,0,0,0,0,0.36000000000012733,3.869999999999891,0.093023255,1,2,21,0.036753446,0.0,12
2025-07-23 22:00:00,SELL,-1,-1.0,3393.65,3395.92,3388.6,3390.08,5065,0.6987508018734523,0,3401.4607,3409.4226,-2756.0452,-1.0,-3.1101517468994335,-1235.7683,0.002888891,0.7474291,31.919961881290178,-5.038158655411735,-0.10522091623328389,-1.7722820250984272,0,0,0,0,0,0,0,3.5700000000001637,7.320000000000164,0.48770493,1,2,22,0.36452484,0.0,13
2025-07-23 23:00:00,SELL,-1,-1.0,3390.08,3390.47,3385.9,3387.04,2542,0.3604370050549092,0,3398.5764,3407.3877,-3071.289,-1.0,-3.0409488802926163,-1059.6326,0.002868919,0.47030285,26.85297690916255,-6.080638457654004,-1.300304424517428,-1.6421956322389637,0,0,0,0,1,0,0,3.0399999999999636,4.569999999999709,0.66520786,1,2,23,0.31284916,0.0,14
2025-07-24 01:00:00,SELL,-1,1.0,3388.49,3392.48,3386.76,3386.8,2039,0.30261205105372513,0,3396.2212,3405.516,-3336.5173,-1.0,-2.8960649739276643,-86.15071,0.0027858156,0.60625327,28.297055052546312,-6.847246411460674,-2.409692821906077,-1.4421725679689255,0,0,0,0,0,0,0,1.6899999999995998,5.7199999999998,0.29545453,1,0,1,0.17912029,0.0,15
2025-07-24 02:00:00,SELL,1,1.0,3386.8,3391.47,3386.5,3390.04,2354,0.35982879853255884,0,3394.9849,3404.1094,-3360.6582,-1.0,-2.7359398870737,1193.3278,0.0027150966,0.5399658,23.861318826185666,-7.111372342089453,-3.3500287259427526,-1.1190006707286537,0,0,0,0,0,0,0,3.2399999999997817,4.9699999999998,0.6519115,1,0,2,0.35200992,0.0,16
2025-07-24 03:00:00,SELL,1,-1.0,3390.04,3393.22,3388.66,3391.5,3224,0.5023528311882577,0,3394.288,3402.963,-3219.639,-1.0,-2.552929264404401,541.8765,0.002694341,0.4990229,22.57707728029746,-7.120800095806317,-4.104182999915466,-0.776361578281829,0,0,0,0,0,0,0,1.4600000000000364,4.559999999999945,0.32017544,1,0,3,0.15977488,0.0,17
2025-07-24 04:00:00,SELL,-1,-1.0,3391.5,3393.41,3384.08,3387.67,7850,1.1894119607872846,0,3392.9644,3401.5728,-3214.7544,-1.0,-2.4347530859728095,-1430.2903,0.002677778,1.028504,24.08554571774043,-7.352564859023005,-4.753859371736974,-0.5722168776539853,1,-1,0,1,0,0,1,3.8299999999999272,9.329999999999927,0.41050375,1,0,4,0.42220473,0.0,18
2025-07-24 05:00:00,SELL,-1,-1.0,3387.67,3388.96,3380.66,3383.84,7095,1.0695711163036106,0,3391.1394,3399.9607,-3317.4377,-1.0,-2.2820913654935744,-1440.3549,0.002659067,0.92244184,16.477873429531826,-7.755884091070129,-5.354264315603605,-0.4626841850897594,0,0,-1,0,0,0,1,3.8299999999999272,8.300000000000182,0.46144578,1,0,5,0.42565688,0.81123805,0
2025-07-24 06:00:00,SELL,-1,-1.0,3383.84,3386.03,3374.74,3383.78,6391,0.9677175130977257,0,3389.6677,3398.4897,-3281.9612,-1.0,-2.1253774155066227,-22.32115,0.0026880335,1.241244,18.787670048854196,-7.98827512368689,-5.881066477220262,-0.3157520157640961,0,0,-1,0,0,0,1,0.05999999999994543,11.290000000000418,0.0053144377,1,0,6,0.0065965136,0.0,1
2025-07-24 07:00:00,SELL,-1,-1.0,3383.77,3385.37,3381.07,3382.67,3143,0.48805863536134664,0,3388.268,3397.0515,-3561.9204,-1.0,-2.0011105841361054,-450.13437,0.0024659303,0.51549923,20.733561377987982,-8.16786040424222,-6.3384252626246536,-0.18152354079206653,0,0,-1,0,0,0,1,1.099999999999909,4.299999999999727,0.25581396,1,0,7,0.1318719,0.0,2
2025-07-24 08:00:00,SELL,-1,-1.0,3382.67,3382.97,3374.54,3379.25,5487,0.8532640811121823,0,3386.4644,3395.433,-3656.244,-1.0,-1.9433584140016915,-1394.2136,0.0024529956,1.0169755,19.367518308537356,-8.488300605199129,-6.768400331139549,-0.1286220051322883,0,0,-1,0,0,0,1,3.4200000000000728,8.429999999999836,0.40569395,1,1,8,0.4125808,0.0,3
2025-07-24 09:00:00,SELL,-1,-1.0,3379.25,3379.77,3370.02,3375.97,7400,1.1301419549928602,0,3384.3655,3393.6638,-4062.0469,-1.0,-1.8994886360615872,-1432.8916,0.0022890775,1.2616693,24.636363628524336,-8.904277393923621,-7.195575743696365,-0.12101698328879061,0,0,-1,0,0,0,1,3.2800000000002,9.75,0.33641025,1,1,9,0.4244385,0.0,4
2025-07-24 10:00:00,SELL,-1,1.0,3375.94,3377.57,3366.07,3367.68,6879,1.0416256567889643,0,3381.0286,3391.3018,-4701.112,-1.0,-1.8433544952783385,-3793.5837,0.0021852688,1.5626516,26.114189343155303,-9.790022429033343,-7.714465080763761,-0.2744483689891109,0,0,-1,0,0,0,1,8.260000000000218,11.5,0.7182609,1,1,10,1.1223915,0.0,5
2025-07-24 11:00:00,SELL,1,-1.0,3367.68,3374.6,3365.87,3369.75,6959,1.045632803930702,0,3378.7727,3389.3425,-4858.2163,-1.0,-1.826677434987418,951.43567,0.0021756594,1.1907638,18.862433855447975,-10.20728680207958,-8.213029425026924,-0.23737744571914957,0,0,-1,0,0,0,1,2.0700000000001637,8.730000000000018,0.2371134,1,1,11,0.28234607,0.0,6
2025-07-24 12:00:00,SELL,-1,1.0,3369.75,3370.11,3362.01,3363.71,5736,0.8767156787821355,0,3375.7603,3387.0122,-4958.1387,-1.0,-1.805809361283935,-2661.5076,0.0022693905,1.0611023,15.570377179899097,-10.899704338772608,-8.750364407776061,-0.30512755525476615,0,0,-1,0,0,0,1,6.039999999999964,8.099999999999909,0.745679,1,1,12,0.7912417,0.0,7
2025-07-24 13:00:00,SELL,1,-1.0,3363.71,3367.25,3362.21,3364.41,4499,0.7331958964497283,0,3373.4902,3384.9575,-5164.252,-1.0,-1.7665880901916653,315.24255,0.0022205124,0.67463434,18.394484110870792,-11.262143100127105,-9.25272014624627,-0.25014037238976405,0,0,-1,0,0,0,1,0.6999999999998181,5.039999999999964,0.1388889,1,1,13,0.09369921,0.0,8
2025-07-24 14:00:00,SELL,-1,-1.0,3364.41,3366.53,3361.3,3362.23,4972,0.8464203331545841,0,3371.238,3382.8914,-5211.7437,-1.0,-1.7228544536807675,-974.96686,0.0022359735,0.695677,18.79245282356966,-11.591664715431762,-9.72050906008337,-0.1966135764498135,0,0,-1,0,0,0,1,2.1799999999998363,5.230000000000018,0.416826,1,1,14,0.28997624,0.0,9
2025-07-24 15:00:00,SELL,-1,1.0,3362.19,3365.57,3352.65,3353.48,9502,1.6037942849426976,0,3367.6865,3380.2175,-5231.789,-1.0,-1.660499620581407,-3653.1907,0.0023951665,1.6085371,15.47865726861339,-12.415743875964836,-10.259556023259663,-0.3219004317148129,0,0,-1,0,0,0,1,8.710000000000036,12.920000000000073,0.6741486,1,1,15,1.084393,0.0,10
2025-07-24 16:00:00,SELL,1,1.0,3353.54,3372.07,3351.45,3366.83,12326,2.1067924657300106,0,3367.5151,3379.0005,-4226.145,-1.0,-1.5177129422832916,4912.2603,0.0027176898,2.253552,30.118211402746965,-11.85494271825155,-10.578633362258042,0.04935894921260976,0,0,-1,0,1,0,1,13.289999999999964,20.620000000000346,0.64451987,1,2,16,1.4524591,0.0,11
2025-07-24 17:00:00,SELL,1,-1.0,3366.82,3377.43,3365.91,3373.66,11055,1.8483531182076576,0,3368.7441,3378.515,-3416.887,-1.0,-1.3944114353290136,2388.4895,0.002859548,1.194136,36.00564793686712,-10.735626224678981,-10.610031934742231,0.5288654667282736,0,0,0,1,0,0,0,6.839999999999691,11.519999999999982,0.59375,1,2,17,0.70901823,0.0,12
2025-07-24 18:00:00,SELL,-1,-1.0,3373.6,3375.27,3370.4,3372.56,7871,1.2862267033802057,0,3369.5073,3377.9736,-3060.826,-1.0,-1.2529159823973317,-397.6832,0.0027660208,0.5220521,37.61678412511647,-9.824074826869037,-10.452840513167594,0.8282915476581411,0,0,0,0,0,0,0,1.0399999999999636,4.869999999999891,0.21355236,1,2,18,0.11148545,0.0,13
2025-07-24 19:00:00,SELL,-1,1.0,3372.58,3373.8,3366.96,3366.98,6096,0.9878463782207098,0,3369.002,3376.974,-2909.9414,-1.0,-1.109866696819318,-2036.77,0.0027396318,0.7415208,36.56787762090567,-9.443069317737809,-10.250886274081637,0.8874663848422315,0,0,0,0,0,0,0,5.599999999999909,6.8400000000001455,0.8187134,1,2,19,0.6070931,0.0,14
2025-07-24 20:00:00,SELL,1,1.0,3366.98,3371.82,3366.31,3370.05,5147,0.816822059115255,0,3369.2114,3376.3447,-2728.2273,-1.0,-0.9575676496849742,1174.163,0.0026146285,0.62532425,39.56211037625254,-8.792047117503444,-9.959118442765998,1.03116547061256,0,0,0,0,1,0,0,3.0700000000001637,5.510000000000218,0.5571688,1,2,20,0.34841114,0.0,15
2025-07-24 21:00:00,SELL,1,-1.0,3370.05,3373.42,3367.52,3372.05,4401,0.6855834313442949,0,3369.7793,3375.9543,-2332.8748,-1.0,-0.7956754153197122,755.581,0.0026469696,0.6610116,42.03420341151403,-8.022248560425396,-9.571744466297877,1.2059864069692587,0,0,0,0,0,0,0,2.0,5.900000000000091,0.33898306,1,2,21,0.22407171,0.0,16
2025-07-24 22:00:00,SELL,-1,-1.0,3372.05,3373.16,3370.11,3370.49,4660,0.7131215902917525,0,3369.9214,3375.4575,-2184.5852,-1.0,-0.6592549666659752,-615.5837,0.0025341802,0.3570831,43.24074073139845,-7.452152841228326,-9.147826141283968,1.299549240865583,0,0,0,0,0,0,0,1.5600000000004002,3.049999999999727,0.5114754,1,2,22,0.18263923,0.0,17
2025-07-24 23:00:00,SELL,-1,1.0,3370.5,3371.13,3367.18,3368.41,2574,0.39586905869596983,0,3369.6191,3374.817,-2154.2832,-1.0,-0.5574817043068567,-862.08563,0.0024127534,0.48602566,44.05660376388694,-7.086497758196401,-8.735560464666454,1.3339991623776004,0,0,0,0,0,0,0,2.0900000000001455,3.950000000000273,0.52911395,1,2,23,0.25716296,0.0,18
2025-07-25 01:00:00,SELL,1,1.0,3368.59,3369.97,3365.2,3368.76,2947,0.4709924884129775,0,3369.4473,3374.2664,-2123.1301,-1.0,-0.4383431678938955,154.19826,0.0022698052,0.6238206,50.97017605617025,-6.691337818405827,-8.32671593541433,1.3864128252400643,1,-1,0,0,1,0,1,0.17000000000007276,4.769999999999982,0.035639413,1,0,1,0.022232601,0.0,19
2025-07-25 02:00:00,SELL,1,1.0,3368.76,3371.44,3366.84,3369.5,2426,0.40275252965443964,0,3369.4578,3373.833,-2005.3768,-1.0,-0.3258378771563136,339.17624,0.0021817565,0.6257287,49.76992452242262,-6.246453673915767,-7.910663483114617,1.4525927503245213,0,0,0,0,0,0,0,0.7399999999997817,4.599999999999909,0.16086957,1,0,2,0.100660704,0.0057453224,0
2025-07-25 03:00:00,SELL,1,-1.0,3369.5,3373.52,3368.41,3372.23,2859,0.4889728832981298,0,3370.0122,3373.6873,-1736.2509,-1.0,-0.2763420959310126,1289.7692,0.0021166578,0.71590114,58.34966678132309,-5.608935285225016,-7.450317843536697,1.577179907495087,0,0,0,1,0,0,0,2.730000000000018,5.110000000000127,0.53424656,0,0,3,0.38246775,0.0,1
2025-07-25 04:00:00,SELL,-1,-1.0,3372.23,3372.76,3366.4,3371.1,4990,0.8401663495698146,0,3370.2297,3373.452,-1501.9408,-1.0,-0.22824056511505675,-526.72394,0.0021453362,0.8794074,56.50145771057299,-5.135678025878406,-6.987389880005039,1.6059225439464573,0,0,0,0,0,0,0,1.1300000000001091,6.360000000000127,0.17767295,1,0,4,0.15624692,0.0,2
2025-07-25 05:00:00,SELL,-1,-1.0,3370.48,3370.58,3362.42,3363.09,4079,0.6950195096184976,0,3368.8018,3372.51,-1667.5892,-1.0,-0.1868691257967769,-3602.0718,0.0022237203,1.0911175,50.75069831161831,-5.345340537491211,-6.6589800115022735,1.3559190201234828,0,0,-1,0,0,0,1,7.389999999999873,8.159999999999854,0.90563726,1,0,5,0.9881566,0.0,3
2025-07-25 06:00:00,SELL,-1,1.0,3363.09,3363.49,3358.8,3359.11,3178,0.5617024285057796,0,3366.8635,3371.2917,-2158.6858,-1.0,-0.13919270751318524,-1940.1847,0.0020513511,0.6806261,55.36088362645119,-5.766183353854558,-6.48042067997273,1.0689580959224483,0,0,-1,0,0,0,1,3.980000000000018,4.6899999999996,0.8486141,0,0,6,0.5775889,0.0,4
2025-07-25 07:00:00,SELL,1,-1.0,3359.11,3363.54,3357.93,3361.0,3343,0.6099251961320927,0,3365.6907,3370.3562,-2694.9634,-1.0,-0.07593705902175434,1091.7267,0.0017312025,0.9641542,42.898903761252626,-5.879422787143994,-6.360221101406983,0.9550871980297154,0,0,-1,0,0,0,1,1.8899999999998727,5.610000000000127,0.3368984,0,0,7,0.324822,0.0,5
2025-07-25 08:00:00,SELL,-1,1.0,3361.0,3362.37,3355.38,3358.73,3439,0.6482563619227144,0,3364.2986,3369.2993,-3056.617,-1.0,-0.03217400098138107,-1387.5009,0.001636035,1.2720655,29.542340355889834,-6.082223792858713,-6.30462163969733,0.8179719049158044,0,0,-1,0,0,0,1,2.269999999999982,6.989999999999782,0.32474965,0,1,8,0.41310284,0.0,6
2025-07-25 09:00:00,SELL,1,-1.0,3358.73,3359.72,3354.82,3359.41,4960,0.9418556074588887,0,3363.3208,3368.4001,-3104.086,-1.0,0.05327933572666137,415.5611,0.0016363418,0.89137214,31.771555296789487,-6.117555363799511,-6.267208384517766,0.7671985088901998,0,0,-1,0,0,0,1,0.6799999999998363,4.899999999999636,0.13877551,0,1,9,0.12370062,0.0,7
2025-07-25 10:00:00,SELL,-1,-1.0,3359.39,3360.14,3352.66,3354.08,4150,0.790664443915218,0,3361.4727,3367.0984,-3404.2295,-1.0,0.13484914645590554,-3225.2766,0.0016525715,1.3494846,31.993299819991407,-6.50070624856744,-6.313907957327701,0.5890606787877481,0,0,-1,0,0,0,1,5.309999999999945,7.480000000000018,0.70989305,0,1,10,0.9579897,0.0,8
2025-07-25 11:00:00,SELL,-1,1.0,3354.08,3355.29,3344.48,3345.53,4875,0.9296515951867885,0,3358.2842,3365.1377,-3872.147,-1.0,0.18361001151073356,-4830.6387,0.0017699524,1.825573,20.31476996890038,-7.408864847760924,-6.532899335414346,0.2458931218812466,0,0,-1,0,0,0,1,8.549999999999727,10.809999999999945,0.7909343,0,1,11,1.4439083,0.0,9
2025-07-25 12:00:00,SELL,1,-1.0,3345.53,3348.95,3343.16,3345.88,3992,0.8034779808389019,0,3355.8032,3363.387,-4290.8564,-1.0,0.2539627964655283,198.0289,0.0017674188,0.9791038,16.998738959949605,-8.008033381627683,-6.827926144657013,0.09006585038640746,0,0,-1,0,0,0,1,0.34999999999990905,5.789999999999964,0.06044905,0,1,12,0.059185892,0.0,10
2025-07-25 13:00:00,SELL,-1,-1.0,3345.86,3348.08,3341.04,3342.89,3773,0.8309200022022794,0,3353.2207,3361.5237,-4477.797,-1.0,0.2556492251475025,-1612.5072,0.0018542553,1.1357455,16.407010705216365,-8.624726296975041,-7.18728617512062,-0.03989878384462335,0,0,-1,0,0,0,1,2.9700000000002547,7.039999999999964,0.421875,0,1,13,0.47914264,0.0,11
2025-07-25 14:00:00,SELL,-1,-1.0,3342.89,3345.18,3338.72,3341.15,4921,1.1622441870077111,0,3350.8066,3359.6714,-4643.9497,-1.0,0.22344691247772153,-911.52893,0.0019088808,1.0128794,16.543937156808397,-9.14840620162613,-7.579510180421722,-0.10955536761432653,0,0,-1,0,0,0,1,1.7399999999997817,6.460000000000036,0.26934984,0,1,14,0.27281892,0.0,12
2025-07-25 15:00:00,SELL,-1,1.0,3341.08,3344.16,3336.62,3340.8,6800,1.6265996890324124,0,3348.8052,3357.9558,-4648.9917,-1.0,0.21367838322339397,-177.81795,0.0019683053,1.1466435,15.684830627893277,-9.482361611804208,-7.960080466698219,-0.08888361469094305,0,0,-1,0,0,0,1,0.27999999999974534,7.539999999999964,0.037135277,0,1,15,0.042580925,0.0,13
2025-07-25 16:00:00,SELL,1,-1.0,3340.8,3347.55,3336.83,3343.89,10316,2.349083456677673,0,3347.8223,3356.6772,-4222.2563,-1.0,0.24854922970843332,1473.3823,0.0020972153,1.5286208,20.283128329449852,-9.389450760954333,-8.245954525549442,0.09460091996498192,0,0,-1,1,0,0,1,3.0899999999996908,10.720000000000255,0.28824627,0,2,16,0.44061926,0.0,14
2025-07-25 17:00:00,SELL,-1,-1.0,3343.9,3344.88,3330.64,3331.98,11605,2.4616069913456644,0,3344.6538,3354.432,-4250.535,-1.0,0.15730223570866392,-5177.2837,0.002300434,1.8577951,11.497991196460205,-10.159740541502742,-8.628711728740102,-0.0954076078044928,0,0,-1,0,0,0,1,11.920000000000073,14.240000000000236,0.83707863,1,2,17,1.5551206,0.0,15
2025-07-25 18:00:00,SELL,-1,1.0,3331.97,3335.95,3325.04,3327.86,10520,2.095471431274712,0,3341.295,3352.0164,-4465.511,-1.0,0.04067524323030429,-1715.9929,0.0024009424,1.3654568,10.87585957017167,-10.976124380490546,-9.098194259090192,-0.2602132985646301,0,0,-1,0,1,0,1,4.109999999999673,10.909999999999854,0.3767186,1,2,18,0.514393,0.0,16
2025-07-25 19:00:00,SELL,1,1.0,3327.91,3331.43,3326.28,3329.68,6393,1.25181123947523,0,3338.972,3349.9858,-4739.4023,-1.0,-0.1198561462262322,783.16486,0.002323904,0.66555893,15.956796408733098,-11.345472124649405,-9.547649832202035,-0.2212622136489422,0,0,0,0,0,0,0,1.7699999999999818,5.149999999999636,0.34368932,1,2,19,0.2287455,0.0,17
2025-07-25 20:00:00,SELL,1,1.0,3329.68,3336.89,3329.65,3335.98,5661,1.075959592119893,0,3338.3735,3348.7124,-4354.83,-1.0,-0.21573536997901357,2653.6204,0.002374115,0.9141414,27.49562170879591,-11.002989905689446,-9.838717846899517,0.07579442243817444,0,0,0,0,0,0,0,6.300000000000182,7.239999999999782,0.87016577,1,2,20,0.79545456,0.0,18
2025-07-25 21:00:00,SELL,1,-1.0,3335.98,3339.39,3335.87,3338.81,4294,0.805825060521328,0,3338.461,3347.8123,-4017.9414,-1.0,-0.26680779487115736,1215.9541,0.0023273905,0.45298278,28.79801260456324,-10.383518196752902,-9.947677916870195,0.41114084199929224,0,0,0,0,0,0,0,2.8299999999999272,3.519999999999982,0.80397725,1,2,21,0.36418787,0.0,19
2025-07-25 22:00:00,SELL,-1,-1.0,3338.81,3340.3,3337.22,3337.64,4396,0.8099941037735849,0,3338.2966,3346.8875,-3827.4497,-1.0,-0.41437712833419144,-521.2676,0.0022445286,0.41113654,29.416357594927504,-9.873179755885303,-9.932778284673216,0.6243206057868094,0,0,0,1,0,0,0,1.1700000000000728,3.080000000000382,0.37987012,1,2,22,0.15617849,0.0,20
2025-07-25 23:00:00,SELL,-1,,3337.68,3339.14,3336.12,3336.8,2111,0.3916657389884597,0,3337.9973,3345.9705,-3616.1848,-1.0,-0.47448038745940047,-380.97833,0.0022048499,0.41048542,28.001556715469178,-9.42783562408431,-9.831789752555435,0.7673816061250122,0,0,0,0,0,0,0,0.8799999999996544,3.019999999999982,0.29139072,1,2,23,0.11961165,0.0,21
