family,cell,n,mean_R_net,win_rate,reached_tp1,median_duration,lift_vs_base
candle_direction,BEAR_WEAK,79968,-0.1641,0.4697,0.4539,3.0,0.0118
candle_direction,BULL_WEAK,81930,-0.1651,0.478,0.4607,3.0,0.0107
candle_direction,DOJI,29166,-0.166,0.475,0.4599,3.0,0.0098
candle_direction,BULL_STRONG,49368,-0.1931,0.4656,0.4424,4.0,-0.0173
candle_direction,BEAR_STRONG,42510,-0.2053,0.4509,0.4311,3.0,-0.0295
candle_structure,NORMAL,211668,-0.1748,0.4693,0.4508,3.0,0.001
candle_structure,INSIDE_BAR,41226,-0.1783,0.4716,0.4557,3.0,-0.0025
candle_structure,OUTSIDE_BAR,30048,-0.1798,0.4639,0.4465,4.0,-0.004
candle_trend,DOWN,77346,-0.1506,0.4649,0.4425,3.0,0.0252
candle_trend,UP,98694,-0.1601,0.4752,0.4439,3.0,0.0157
candle_trend,FLAT,106902,-0.2086,0.4665,0.4638,4.0,-0.0327
candle_vol,NORMAL,163032,-0.1716,0.4717,0.456,3.0,0.0043
candle_vol,EXPANSION,38916,-0.1794,0.4443,0.4202,3.0,-0.0036
candle_vol,COMPRESSION,80994,-0.1827,0.4758,0.456,4.0,-0.0069
engine_state_after,SHADOW_PENDING,36,-0.0957,0.4167,0.4167,3.0,0.0801
engine_state_after,RETEST,150,-0.1334,0.4533,0.4133,4.0,0.0424
engine_state_after,RANGE,132666,-0.1691,0.4721,0.4544,3.0,0.0067
engine_state_after,SWEEP,93522,-0.1734,0.4675,0.4485,3.0,0.0025
engine_state_after,EXPANSION,51870,-0.1952,0.4674,0.4502,3.0,-0.0193
engine_state_after,DISPLACEMENT,4674,-0.2018,0.4369,0.4159,3.0,-0.0259
engine_state_after,EXECUTION,24,-0.3507,0.4167,0.4167,2.0,-0.1749
htf_state,EXPANSION,94992,-0.1727,0.4717,0.4508,3.0,0.0032
htf_state,REVERSAL,44448,-0.1734,0.4674,0.4431,4.0,0.0025
htf_state,DISTRIBUTION,44154,-0.1756,0.4676,0.4504,4.0,0.0002
htf_state,ACCUMULATION,99348,-0.1801,0.468,0.4551,3.0,-0.0042
objective_status,INVALIDATED,96,0.0318,0.5104,0.4896,4.0,0.2077
objective_status,NONE,244998,-0.1739,0.4692,0.4505,3.0,0.0019
objective_status,EXISTS,20196,-0.1752,0.4707,0.4537,3.0,0.0007
objective_status,ACHIEVED,17652,-0.2045,0.4661,0.4558,3.0,-0.0287
ontology_state,SHADOW_PENDING,282,-0.1599,0.4362,0.4078,4.0,0.0159
ontology_state,DISPLACEMENT,18762,-0.1716,0.4558,0.4329,3.0,0.0042
ontology_state,SWEEP,91116,-0.1725,0.4689,0.4508,3.0,0.0034
ontology_state,RANGE,130470,-0.1769,0.4714,0.4532,3.0,-0.0011
ontology_state,EXPANSION,42312,-0.1817,0.4685,0.4532,3.0,-0.0059
parent_bias,NONE,244998,-0.1739,0.4692,0.4505,3.0,0.0019
parent_bias,SHORT,21156,-0.1815,0.4703,0.4565,3.0,-0.0057
parent_bias,LONG,16788,-0.1969,0.4667,0.4525,3.0,-0.021
parent_track_state,11,75894,-0.1702,0.4691,0.4509,3.0,0.0056
parent_track_state,10,169104,-0.1756,0.4692,0.4503,3.0,0.0003
parent_track_state,12,37944,-0.1883,0.4687,0.4547,3.0,-0.0125
regime_label,E,96096,-0.1191,0.4773,0.4364,4.0,0.0567
regime_label,N,88290,-0.1646,0.4722,0.4574,3.0,0.0113
regime_label,C,96150,-0.2414,0.458,0.4596,3.0,-0.0655
trade_intent,liq_sweep,53592,-0.1704,0.4405,0.424,3.0,0.0054
trade_intent,pullback,16596,-0.171,0.5186,0.5196,3.0,0.0048
trade_intent,reversal,205584,-0.1762,0.4755,0.4567,3.0,-0.0004
trade_intent,breakout,7170,-0.2173,0.3841,0.3312,3.0,-0.0415
