timestamp_utc,action,original_path,archive_path,sha256_before,reason
2026-09-14T10:43:40Z,edited_in_place,scripts/analysis/phase1_shadow_create_economic_census.py,archive/probes_extraction_batch3_2026-09-14/scripts/analysis/phase1_shadow_create_economic_census.py,7da8dbba10a000a89cc8662febf4c7cb9be3476551547cca9a1ae5f8dc51797c,partial excursion remains
2026-09-14T10:43:40Z,copied_before_edit,scripts/analysis/build_decision_atlas.py,archive/probes_extraction_batch3_2026-09-14/scripts/analysis/build_decision_atlas.py,96323ded3f7bfe3c8718f8c5d9a6e666d8a68eebfa6bf5c37230a5a43fc44a1d,pre-edit snapshot
2026-09-14T10:43:40Z,edited_in_place,scripts/analysis/build_decision_atlas.py,archive/probes_extraction_batch3_2026-09-14/scripts/analysis/build_decision_atlas.py,4501b3cbc2e3604c9d5860c6ae8f9f246311b29125f11b19429c3b26793217ba,partial excursion remains
2026-09-14T12:40:14Z,backfill_archive_copy,scripts/analysis/all_states_persistence_probe.py,archive/probes_extraction_batch3_2026-09-14/scripts/analysis/all_states_persistence_probe.py,527093b27637094b34dc9395143fe527a502339c6b9d444fc0ec30026a875164,"backfill: archived without a manifest row; hash taken at backfill time, pre-archive provenance unknown"
2026-09-14T12:40:14Z,backfill_archive_copy,scripts/analysis/p001_excursion_probe.py,archive/probes_extraction_batch3_2026-09-14/scripts/analysis/p001_excursion_probe.py,e7653ceebe12a922d2f2d27f4423927dffcb3ea082d407b8734269c1c7475591,"backfill: archived without a manifest row; hash taken at backfill time, pre-archive provenance unknown"
2026-09-14T12:40:14Z,backfill_archive_copy,scripts/analysis/phase1_shadow_create_economic_census.py,archive/probes_extraction_batch3_2026-09-14/scripts/analysis/phase1_shadow_create_economic_census.py,f4d09f8c5ab1d345736fbfaa2a8c7916be9b218cd9018ab37446d312e265a18a,"backfill: archived without a manifest row; hash taken at backfill time, pre-archive provenance unknown"
2026-09-14T12:40:14Z,backfill_archive_copy,scripts/analysis/sweep_conditional_magnitude_probe.py,archive/probes_extraction_batch3_2026-09-14/scripts/analysis/sweep_conditional_magnitude_probe.py,61ec796669a1fbe4f00515e7e99daa8805f1a97420ac4bf69ea3c3a94692e1a3,"backfill: archived without a manifest row; hash taken at backfill time, pre-archive provenance unknown"
2026-09-14T12:40:14Z,backfill_archive_copy,scripts/analysis/sweep_state_persistence_probe.py,archive/probes_extraction_batch3_2026-09-14/scripts/analysis/sweep_state_persistence_probe.py,0b66ca8e767a5a75ed987faf3c993973460a2d22144bf8b9a38ad8b56aff4510,"backfill: archived without a manifest row; hash taken at backfill time, pre-archive provenance unknown"
2026-09-14T12:40:14Z,backfill_archive_copy,src/research/probes/__init__.py,archive/probes_extraction_batch3_2026-09-14/src/research/probes/__init__.py,a71e40fe4b9cda77e0c193f7c9a0ab9a7e4a2e28e393ec82bd5d38b52e2f75a2,"backfill: archived without a manifest row; hash taken at backfill time, pre-archive provenance unknown"
2026-09-14T12:40:14Z,backfill_archive_copy,src/research/probes/corpus.py,archive/probes_extraction_batch3_2026-09-14/src/research/probes/corpus.py,bd03f0f3daffd4d3c6efe7f36a88aaf98f3ad4018e6bb2a45f6ab287ca33bf9a,"backfill: archived without a manifest row; hash taken at backfill time, pre-archive provenance unknown"
