policy,week,start,end,dir,entry_raw,exit_raw,entry_fill,exit_fill,unit,raw_r,net_r,cost_r,mae_r,equity_r
A(BUY-seed),1,2025-07-01T01:00:00,2025-07-04T19:00:00,BUY,3303.27,3337.06,3304.171,3336.712,51.01,0.6625,0.638,0.0245,0.016,0.638
A(BUY-seed),2,2025-07-07T01:00:00,2025-07-11T23:00:00,BUY,3334.35,3355.5,3334.705,3354.571,45.45,0.4653,0.4371,0.0283,1.137,1.0751
A(BUY-seed),3,2025-07-14T01:00:00,2025-07-18T23:00:00,BUY,3364.3,3350.12,3364.998,3349.47,46.04,-0.308,-0.3373,0.0293,1.184,0.7378
A(BUY-seed),4,2025-07-21T01:00:00,2025-07-25T23:00:00,SELL,3349.28,3336.8,3348.795,3337.493,41.43,0.3012,0.2728,0.0284,2.161,1.0106
A(BUY-seed),5,2025-07-28T01:00:00,2025-07-31T23:00:00,SELL,3329.24,3289.94,3328.193,3290.613,44.6,0.8811,0.8426,0.0386,0.361,1.8532
A(SELL-seed),1,2025-07-01T01:00:00,2025-07-04T19:00:00,SELL,3303.27,3337.06,3302.369,3337.408,51.01,-0.6625,-0.687,0.0245,1.225,-0.687
A(SELL-seed),2,2025-07-07T01:00:00,2025-07-11T23:00:00,BUY,3334.35,3355.5,3334.705,3354.571,45.45,0.4653,0.4371,0.0283,1.137,-0.2499
A(SELL-seed),3,2025-07-14T01:00:00,2025-07-18T23:00:00,BUY,3364.3,3350.12,3364.998,3349.47,46.04,-0.308,-0.3373,0.0293,1.184,-0.5872
A(SELL-seed),4,2025-07-21T01:00:00,2025-07-25T23:00:00,SELL,3349.28,3336.8,3348.795,3337.493,41.43,0.3012,0.2728,0.0284,2.161,-0.3144
A(SELL-seed),5,2025-07-28T01:00:00,2025-07-31T23:00:00,SELL,3329.24,3289.94,3328.193,3290.613,44.6,0.8811,0.8426,0.0386,0.361,0.5282
B(BUY-seed),1,2025-07-01T01:00:00,2025-07-04T19:00:00,BUY,3303.27,3337.06,3304.171,3336.712,51.01,0.6625,0.638,0.0245,0.016,0.638
B(BUY-seed),2,2025-07-07T01:00:00,2025-07-11T23:00:00,BUY,3334.35,3355.5,3334.705,3354.571,45.45,0.4653,0.4371,0.0283,1.137,1.0751
B(BUY-seed),3,2025-07-14T01:00:00,2025-07-18T23:00:00,BUY,3364.3,3350.12,3364.998,3349.47,46.04,-0.308,-0.3373,0.0293,1.184,0.7378
B(BUY-seed),4,2025-07-21T01:00:00,2025-07-25T23:00:00,BUY,3349.28,3336.8,3349.765,3336.107,41.43,-0.3012,-0.3297,0.0284,0.585,0.4081
B(BUY-seed),5,2025-07-28T01:00:00,2025-07-31T23:00:00,BUY,3329.24,3289.94,3330.287,3289.267,44.6,-0.8811,-0.9197,0.0386,1.371,-0.5116
B(SELL-seed),1,2025-07-01T01:00:00,2025-07-04T19:00:00,SELL,3303.27,3337.06,3302.369,3337.408,51.01,-0.6625,-0.687,0.0245,1.225,-0.687
B(SELL-seed),2,2025-07-07T01:00:00,2025-07-11T23:00:00,SELL,3334.35,3355.5,3333.995,3356.429,45.45,-0.4653,-0.4936,0.0283,0.758,-1.1806
B(SELL-seed),3,2025-07-14T01:00:00,2025-07-18T23:00:00,SELL,3364.3,3350.12,3363.602,3350.77,46.04,0.308,0.2788,0.0293,0.287,-0.9018
B(SELL-seed),4,2025-07-21T01:00:00,2025-07-25T23:00:00,SELL,3349.28,3336.8,3348.795,3337.493,41.43,0.3012,0.2728,0.0284,2.161,-0.629
B(SELL-seed),5,2025-07-28T01:00:00,2025-07-31T23:00:00,SELL,3329.24,3289.94,3328.193,3290.613,44.6,0.8811,0.8426,0.0386,0.361,0.2136
C(BUY-seed),1,2025-07-01T01:00:00,2025-07-04T19:00:00,BUY,3303.27,3337.06,3304.171,3336.712,51.01,0.6625,0.638,0.0245,0.016,0.638
C(BUY-seed),2,2025-07-07T01:00:00,2025-07-11T23:00:00,SELL,3334.35,3355.5,3333.995,3356.429,45.45,-0.4653,-0.4936,0.0283,0.758,0.1444
C(BUY-seed),3,2025-07-14T01:00:00,2025-07-18T23:00:00,SELL,3364.3,3350.12,3363.602,3350.77,46.04,0.308,0.2788,0.0293,0.287,0.4232
C(BUY-seed),4,2025-07-21T01:00:00,2025-07-25T23:00:00,BUY,3349.28,3336.8,3349.765,3336.107,41.43,-0.3012,-0.3297,0.0284,0.585,0.0935
C(BUY-seed),5,2025-07-28T01:00:00,2025-07-31T23:00:00,BUY,3329.24,3289.94,3330.287,3289.267,44.6,-0.8811,-0.9197,0.0386,1.371,-0.8262
C(SELL-seed),1,2025-07-01T01:00:00,2025-07-04T19:00:00,SELL,3303.27,3337.06,3302.369,3337.408,51.01,-0.6625,-0.687,0.0245,1.225,-0.687
C(SELL-seed),2,2025-07-07T01:00:00,2025-07-11T23:00:00,SELL,3334.35,3355.5,3333.995,3356.429,45.45,-0.4653,-0.4936,0.0283,0.758,-1.1806
C(SELL-seed),3,2025-07-14T01:00:00,2025-07-18T23:00:00,SELL,3364.3,3350.12,3363.602,3350.77,46.04,0.308,0.2788,0.0293,0.287,-0.9018
C(SELL-seed),4,2025-07-21T01:00:00,2025-07-25T23:00:00,BUY,3349.28,3336.8,3349.765,3336.107,41.43,-0.3012,-0.3297,0.0284,0.585,-1.2315
C(SELL-seed),5,2025-07-28T01:00:00,2025-07-31T23:00:00,BUY,3329.24,3289.94,3330.287,3289.267,44.6,-0.8811,-0.9197,0.0386,1.371,-2.1512
D1,1,2025-07-01T01:00:00,2025-07-04T19:00:00,BUY,3303.27,3337.06,3304.171,3336.712,51.01,0.6625,0.638,0.0245,0.016,0.638
D1,2,2025-07-07T01:00:00,2025-07-11T23:00:00,BUY,3334.35,3355.5,3334.705,3354.571,45.45,0.4653,0.4371,0.0283,1.137,1.0751
D1,3,2025-07-14T01:00:00,2025-07-18T23:00:00,BUY,3364.3,3350.12,3364.998,3349.47,46.04,-0.308,-0.3373,0.0293,1.184,0.7378
D1,4,2025-07-21T01:00:00,2025-07-25T23:00:00,BUY,3349.28,3336.8,3349.765,3336.107,41.43,-0.3012,-0.3297,0.0284,0.585,0.4081
D1,5,2025-07-28T01:00:00,2025-07-31T23:00:00,BUY,3329.24,3289.94,3330.287,3289.267,44.6,-0.8811,-0.9197,0.0386,1.371,-0.5116
D2,1,2025-07-01T01:00:00,2025-07-04T19:00:00,SELL,3303.27,3337.06,3302.369,3337.408,51.01,-0.6625,-0.687,0.0245,1.225,-0.687
D2,2,2025-07-07T01:00:00,2025-07-11T23:00:00,SELL,3334.35,3355.5,3333.995,3356.429,45.45,-0.4653,-0.4936,0.0283,0.758,-1.1806
D2,3,2025-07-14T01:00:00,2025-07-18T23:00:00,SELL,3364.3,3350.12,3363.602,3350.77,46.04,0.308,0.2788,0.0293,0.287,-0.9018
D2,4,2025-07-21T01:00:00,2025-07-25T23:00:00,SELL,3349.28,3336.8,3348.795,3337.493,41.43,0.3012,0.2728,0.0284,2.161,-0.629
D2,5,2025-07-28T01:00:00,2025-07-31T23:00:00,SELL,3329.24,3289.94,3328.193,3290.613,44.6,0.8811,0.8426,0.0386,0.361,0.2136
E(BUY-seed),1,2025-07-01T01:00:00,2025-07-04T19:00:00,BUY,3303.27,3337.06,3304.171,3336.712,51.01,0.6625,0.638,0.0245,0.016,0.638
E(BUY-seed),2,2025-07-07T01:00:00,2025-07-11T23:00:00,SELL,3334.35,3355.5,3333.995,3356.429,45.45,-0.4653,-0.4936,0.0283,0.758,0.1444
E(BUY-seed),3,2025-07-14T01:00:00,2025-07-18T23:00:00,BUY,3364.3,3350.12,3364.998,3349.47,46.04,-0.308,-0.3373,0.0293,1.184,-0.1929
E(BUY-seed),4,2025-07-21T01:00:00,2025-07-25T23:00:00,SELL,3349.28,3336.8,3348.795,3337.493,41.43,0.3012,0.2728,0.0284,2.161,0.0799
E(BUY-seed),5,2025-07-28T01:00:00,2025-07-31T23:00:00,BUY,3329.24,3289.94,3330.287,3289.267,44.6,-0.8811,-0.9197,0.0386,1.371,-0.8398
E(SELL-seed),1,2025-07-01T01:00:00,2025-07-04T19:00:00,SELL,3303.27,3337.06,3302.369,3337.408,51.01,-0.6625,-0.687,0.0245,1.225,-0.687
E(SELL-seed),2,2025-07-07T01:00:00,2025-07-11T23:00:00,BUY,3334.35,3355.5,3334.705,3354.571,45.45,0.4653,0.4371,0.0283,1.137,-0.2499
E(SELL-seed),3,2025-07-14T01:00:00,2025-07-18T23:00:00,SELL,3364.3,3350.12,3363.602,3350.77,46.04,0.308,0.2788,0.0293,0.287,0.0289
E(SELL-seed),4,2025-07-21T01:00:00,2025-07-25T23:00:00,BUY,3349.28,3336.8,3349.765,3336.107,41.43,-0.3012,-0.3297,0.0284,0.585,-0.3008
E(SELL-seed),5,2025-07-28T01:00:00,2025-07-31T23:00:00,SELL,3329.24,3289.94,3328.193,3290.613,44.6,0.8811,0.8426,0.0386,0.361,0.5418
